title,category,company,responses,date,is_active
"Project manager","Project Manager","Ebola Communications",20,1/15/2013 12:21,FALSE
"QA Специалист (Web)","QA","MirTesen.ru",18,2/13/2013 18:23,TRUE
"QA engineer","QA","Ebola Communications",17,2/8/2013 11:45,TRUE
"Junior tester","QA","ДубльГИС",17,1/16/2013 21:00,FALSE
"Project Manager","Project Manager","Crytek Ukraine",13,2/6/2013 12:18,TRUE
"Tester","QA","Augmentive",13,1/11/2013 18:19,FALSE
"QA Tester","QA","Crytek Ukraine",12,2/6/2013 12:18,TRUE
"QA-engineer","QA","Intellectsoft",12,1/17/2013 18:35,FALSE
"Junior/Middle QA Automation Engineer","QA","Adstream",12,1/9/2013 12:18,FALSE
"Middle QA Engineer (game, web) от 800$","QA","Level Up",12,12/13/2012 16:12,FALSE
"iPhone (iPad) Developer","iOS/Mac","Depositphotos",11,2/7/2013 14:56,TRUE
"Junior Software Developer (C++ \ C#)",".NET","SightPower Ukraine",11,1/29/2013 23:34,TRUE
"QA Senior/Lead","QA","Paymentwall, Inc.",11,1/29/2013 14:33,TRUE
"QA Engineer (Middle, Junior)","QA","FulcrumWeb",11,1/28/2013 19:13,TRUE
"Senior Project Manager","Project Manager","Materialise",11,1/14/2013 11:40,FALSE
"Junior Manual Tester","QA","KSF (Kiev Software Factory)",10,2/4/2013 14:46,TRUE
"Business Analyst, Support","Analyst","Amadeus Ukraine",10,12/17/2012 10:08,FALSE
"PHP разработчик / старший разработчик (Senior developer)","PHP","Depositphotos",9,2/14/2013 13:41,TRUE
"QA engineer (manual testing)","QA","Prom.ua",9,1/14/2013 17:11,FALSE
"Junior PHP/MySQL Web Developer","PHP","Mobile Labs",9,1/8/2013 11:10,FALSE
"Android Developer","Android","Paymentwall, Inc.",8,2/19/2013 13:47,TRUE
"Quality Assurance Engineer","QA","Paymentwall, Inc.",8,2/19/2013 13:47,TRUE
"Automation Test Engineer","QA","Grammarly",8,2/13/2013 14:32,TRUE
"Android developer","Android","Mobisoft.Ltd",8,2/11/2013 13:00,TRUE
"Project Manager","Project Manager","Luxoft",8,1/25/2013 11:49,FALSE
"C# developer",".NET","MEGOGO.NET ",8,1/21/2013 17:30,FALSE
"Qa engineer","QA","Serena Software Ukraine",8,12/29/2012 16:34,FALSE
"Java Developer","Java","Innovecs",8,12/20/2012 18:12,FALSE
"QA Engineer","QA","City Media Digital AS",8,12/17/2012 13:21,FALSE
"Frontend Developer","Front End","Django Stars",7,2/18/2013 17:56,TRUE
"Front-End Developer","Front End","CloneFish",7,2/18/2013 14:24,TRUE
"Senior Product Manager",,"Grammarly",7,2/6/2013 12:41,TRUE
"Android developer","Android","Dukascopy",7,2/4/2013 18:11,TRUE
"Business Analyst","Analyst","EPAM Systems",7,1/23/2013 17:21,FALSE
"Руководитель группы разработки интерфейсов","Front End","Яндекс.Украина",7,1/22/2013 13:36,FALSE
"Java Engineer","Java","Cogniance, Inc",7,12/29/2012 3:16,FALSE
"PHP-программист","PHP","Open Media Group",6,2/25/2013 11:22,TRUE
"Frontend разработчик (верстка, JS)","Front End","MirTesen.ru",6,2/11/2013 19:07,TRUE
"Front-End Developer","Front End","InfoPulse",6,2/11/2013 14:55,TRUE
"CTO / VP Engineering",,"TubeMogul, Inc.",6,2/9/2013 21:25,TRUE
"Java/Grails Developer","Java","Dachis Group",6,2/8/2013 16:24,TRUE
"Support System Administrator","Support","Crytek Ukraine",6,2/5/2013 19:17,TRUE
"Project Coordinator","Project Manager","SysIQ",6,2/4/2013 19:22,TRUE
"QA Engineer","QA","SightPower Ukraine",6,1/28/2013 18:09,TRUE
"QA Engeneer","QA","CloneFish",6,1/28/2013 11:55,TRUE
"Automation QA Specialist","QA","EPAM Systems",6,1/23/2013 17:40,FALSE
"PHP разработчик","PHP","New Strategies Group",6,1/22/2013 11:15,FALSE
"Program Manager",,"SysIQ",6,1/19/2013 13:53,FALSE
"QA Engineer (301/KD)","QA","Kuadriga",6,1/17/2013 13:57,FALSE
"Mobile Testing Engineer (Yapital)!","QA","Kuadriga",6,1/17/2013 13:54,FALSE
"Middle PHP/MySQL Developer","PHP","Mobile Labs",6,1/8/2013 11:06,FALSE
"Senior C++ developer","C++","Serena Software Ukraine",6,12/26/2012 17:58,FALSE
"Помощник руководителя",,"Ramotion",6,12/20/2012 16:32,FALSE
"Контент-менеджер",,"Level Up",6,12/13/2012 17:23,FALSE
"Python Developer","Python","modnaKasta.ua",5,2/21/2013 10:13,TRUE
"Front End Developer","Front End","Depositphotos",5,2/14/2013 13:20,TRUE
"Business Analyst","Analyst","Opera Mobile Store",5,2/13/2013 13:09,TRUE
"Android developer (Toronto,Canada)","Android","TAL group Inc.",5,2/8/2013 17:40,TRUE
"Tester","QA","Trionika",5,2/8/2013 15:58,TRUE
"Senior/ Mid .Net / C# Developer",".NET","The Frayman Group",5,2/6/2013 15:13,TRUE
"Flash developer (middle - TL)","Flash","CloneFish",5,1/24/2013 14:08,FALSE
"iPhone developer","iOS/Mac","Mobisoft.Ltd",5,1/24/2013 12:48,FALSE
"QA Engineer","QA","Luxoft",5,1/23/2013 15:07,FALSE
"Project Manager in Telecommunications projects","Project Manager","InfoPulse",5,1/22/2013 17:28,FALSE
"Project Manager","Project Manager","WebSource Technologies, Ltd",5,1/19/2013 22:31,FALSE
"Junior .NET Developer (296/KD)",".NET","Kuadriga",5,1/17/2013 13:59,FALSE
"C++ developer","C++","Serena Software Ukraine",5,12/26/2012 17:58,FALSE
"QA Engineer (Mobile applications)","QA","INTERSOG",5,12/25/2012 17:56,FALSE
"Project Manager","Project Manager","Stanfy",5,12/11/2012 14:25,FALSE
"Sr PHP Developer","PHP","Level Up",4,2/20/2013 21:12,TRUE
"Web Developer (PHP, JavaScript, MySQL, HTML, CSS)","Front End","Inbitec",4,2/20/2013 12:05,TRUE
"Python Django developer","Python","Django Stars",4,2/18/2013 17:56,TRUE
"Automation Test Engineer (тестирование HTML сайтов, приложений)","QA","CloneFish",4,2/18/2013 17:25,TRUE
"Manual Tester","QA","CloneFish",4,2/18/2013 17:23,TRUE
"PHP Developer","PHP","Ciklum",4,2/18/2013 10:50,TRUE
"Project Manager for Worldticket","Project Manager","Ciklum",4,2/15/2013 14:51,TRUE
"Аналитик-статист (Web)","Analyst","Genesis Technology Partners",4,2/14/2013 16:04,TRUE
"Junior .Net Developer (C#)",".NET","Atola Technology",4,2/14/2013 9:17,FALSE
"PHP разработчик","PHP","MirTesen.ru",4,2/12/2013 16:38,TRUE
"Middle C# Developer",".NET","ISD",4,2/12/2013 12:03,TRUE
"Junior .Net Developer (C#)",".NET","Atola Technology",4,2/11/2013 8:52,FALSE
"Тестировщик-автоматизатор (QA Automation Engineer)","QA","MacPaw",4,2/7/2013 13:24,TRUE
"Программист С++","C++","Аэротехника",4,2/5/2013 8:46,TRUE
"Senior C++ Developer","C++","Adstream",4,2/4/2013 19:07,TRUE
"Верстальщик с чувством прекрасного","Front End","MirTesen.ru",4,2/4/2013 16:25,TRUE
"WEB & UX DESIGNER","Дизайн","Paymentwall, Inc.",4,1/29/2013 14:33,TRUE
"Linux/FreeBSD system Administrator",,"Paymentwall, Inc.",4,1/29/2013 14:32,TRUE
"Project Manager","Project Manager","Sigma Ukraine",4,1/28/2013 12:37,TRUE
"Functional Analyst","Analyst","Luxoft",4,1/25/2013 17:02,TRUE
"PMO Analyst /PMO Manager","Analyst","Luxoft",4,1/25/2013 12:21,TRUE
"Office Manager",,"City Media Digital AS",4,1/25/2013 10:45,FALSE
"QA Engineer","QA","modnaKasta.ua",4,1/24/2013 19:42,FALSE
"Программист С++ (ERP-системы)","C++","Интеллект-Сервис, Корпорация",4,1/24/2013 10:38,FALSE
"Android Software Engineer","Android","Stanfy",4,1/22/2013 17:26,FALSE
"Android developer","Android","MEGOGO.NET ",4,1/21/2013 17:30,FALSE
"Ruby Engineer","Ruby","Phenomena Group Ltd.",4,1/21/2013 11:50,FALSE
"Web-developer PHP / JS","PHP","ITCraft",4,1/21/2013 10:17,FALSE
"Senior Java EE Developer with Spring","Java","Farata Systems",4,1/17/2013 18:12,FALSE
"Android Developer","Android","Cupid plc",4,1/17/2013 17:01,FALSE
"PHP Developer","PHP","Cupid plc",4,1/17/2013 16:54,FALSE
"Automation QA Engineer","QA","DAXX BV",4,1/16/2013 12:27,FALSE
"Quality Assurance","QA","Augmentive",4,1/11/2013 18:19,FALSE
"C++ Programmer / Программист С++","C++","Ubisoft",4,1/9/2013 11:01,FALSE
"Senior PHP Web Developer","PHP","Paymentwall, Inc.",4,1/8/2013 12:45,FALSE
"Project manager for CSC Project Office (Mobile and Tablet unit)","Project Manager","Ciklum",4,12/24/2012 10:20,FALSE
"Senior Web Developer PHP/JS","PHP","Depositphotos",4,12/20/2012 12:35,FALSE
"Senior Business Analyst","Analyst","EPAM Systems",4,12/18/2012 11:27,FALSE
"Automation Test Engineer","QA","Арт-мастер (AM-SOFT)",4,12/11/2012 13:12,FALSE
"Project Manager (Kharkiv)","Project Manager","EPAM Systems",4,12/10/2012 12:49,FALSE
"PHP Software Engineer","PHP","SoftServe",3,2/21/2013 12:07,TRUE
"Web-designer","Дизайн","Mobisoft.Ltd",3,2/18/2013 11:49,TRUE
"Junior PHP developer","PHP","Flirchi LLC",3,2/15/2013 17:26,TRUE
"Delphi Software Engineer","Delphi","SoftServe",3,2/14/2013 12:28,TRUE
"Senior Drupal Web Developer","PHP","Sigma Ukraine",3,2/14/2013 12:03,TRUE
"разработчик С/C++","C++","СЕВА НОВА",3,2/13/2013 11:23,TRUE
"Верстальщик/Front-end разработчик","Front End","Trionika",3,2/12/2013 16:46,TRUE
"Web-дизайнер / UIX специалист","Дизайн","MirTesen.ru",3,2/12/2013 15:58,TRUE
"Web Developer","Front End","SysIQ",3,2/11/2013 11:10,TRUE
"HTML/CSS developer","Front End","Omnigon Communications",3,2/5/2013 17:21,TRUE
"Senior Business Analyst","Analyst","Exigen Services",3,2/5/2013 16:32,TRUE
"Senior C/С++ Developer","C++","ApriorIT",3,2/5/2013 15:09,TRUE
".NET Developer",".NET","iDeals Solutions",3,2/5/2013 12:58,TRUE
"Middle РHP-developer","PHP","ООО ""УКРНЕТ""",3,2/5/2013 12:35,TRUE
"PHP programmer","PHP","ЧП ""РТД Украина""",3,2/4/2013 23:20,TRUE
"Junior/Middle ASP.NET Developer",".NET","Svitla Systems, Inc.",3,2/4/2013 18:31,TRUE
"Java Developer","Java","Serena Software Ukraine",3,2/4/2013 16:06,TRUE
"Project Manager (Solution Delivery)","Project Manager","NetCracker",3,2/4/2013 15:48,TRUE
"Senior QA","QA","Persha Studia",3,2/4/2013 12:41,TRUE
"Project Manager (Web 2. 0 and Mobile projects)","Project Manager","Cogniance, Inc",3,1/31/2013 18:51,TRUE
"HR-менеджер/рекрутер","HR","Plarium Ukraine",3,1/31/2013 16:08,TRUE
"QA Engineer (with skills in PHP)","QA","INTERSOG",3,1/31/2013 14:52,TRUE
"Java/GWT Developer","Java","DAXX BV",3,1/30/2013 18:27,TRUE
"Linux System Administrator",,"DAXX BV",3,1/30/2013 17:01,TRUE
"Web Designer UI/UX","Front End","DAXX BV",3,1/30/2013 16:57,TRUE
"Team Leader / Project Manager","Project Manager","Luxoft",3,1/30/2013 13:48,TRUE
"Test Engineer","QA","Luxoft",3,1/30/2013 13:33,TRUE
"Software Architect",,"Samsung Ukraine R&D Center",3,1/30/2013 8:40,TRUE
"Systems Analyst","Analyst","EngagePoint",3,1/29/2013 12:02,TRUE
"Python developer","Python","Prom.ua",3,1/29/2013 10:42,TRUE
"Middle ASP.NET Developer",".NET","Sigma Ukraine",3,1/28/2013 12:38,TRUE
"Python / Tornado Developer","Python","CloneFish",3,1/28/2013 11:55,FALSE
"Senior QA Engineer","QA","Luxoft",3,1/25/2013 16:51,TRUE
"Senior Java Developer","Java","Adstream",3,1/25/2013 10:49,FALSE
"Business Analyst","Analyst","Luxoft",3,1/24/2013 19:02,FALSE
"Product manager",,"Eastern Peak Software",3,1/24/2013 18:47,FALSE
".Net Developer",".NET","InfoPulse",3,1/23/2013 18:11,FALSE
"Cheef Technical Officer",,"CloneFish",3,1/23/2013 16:37,FALSE
"Account Manager",,"Luxoft",3,1/23/2013 16:13,FALSE
"Senior Web Developer",".NET","TicketNetwork",3,1/23/2013 11:36,FALSE
"iOS developer","iOS","MEGOGO.NET ",3,1/21/2013 17:31,FALSE
"HTML верстальщик","Front End","Open Media Group",3,1/21/2013 13:23,FALSE
"Java/Android разработчик","Java","Компьютерная Академия ШАГ",3,1/18/2013 17:29,FALSE
"iOS разработчик для работы над корпоративными приложениями","iOS","Alterplay",3,1/17/2013 14:50,FALSE
"Automation QA Engineer (Yapital)!","QA","Kuadriga",3,1/17/2013 13:53,FALSE
"Senior/Middle .NET (MVC4) Developer",".NET","InfoPulse",3,1/17/2013 13:28,FALSE
"Интегратор ПО / release manager",,"InfoPulse",3,1/16/2013 17:11,FALSE
"Business Analyst/Technical writer for LanguageWire","Analyst","Ciklum",3,1/16/2013 14:29,FALSE
"QA Engineer","QA","Arkadium",3,1/14/2013 18:23,FALSE
"Sales manager of software products","Sales","Smile Ukraine - Open Source Solutions",3,1/14/2013 17:19,FALSE
"QA Engineer","QA","Wix",3,1/10/2013 16:03,FALSE
"Product manager",,"CloneFish",3,1/10/2013 13:54,FALSE
".NET Developers for challenging start-up!",".NET","N-iX",3,1/10/2013 11:22,FALSE
"IOS Developer","iOS","Paymentwall, Inc.",3,1/8/2013 12:51,FALSE
"Middle PHP Developer","PHP","Sigma Ukraine",3,12/27/2012 18:31,FALSE
"Senior Front-end developer for Softonic","Front End","Ciklum",3,12/25/2012 12:18,FALSE
"System administrator",,"Crytek Ukraine",3,12/24/2012 11:17,FALSE
"UI/UX Designer","Front End","Level Up",3,12/17/2012 18:01,FALSE
"ПМ игровой разработки",,"Level Up",3,12/13/2012 17:15,FALSE
"Business Analyst/Бизнес аналитик","Analyst","NetCracker",3,12/11/2012 14:15,FALSE
"Java Developer for Project Office","Java","Ciklum",3,12/4/2012 15:08,FALSE
"Java Developer to work on L1B visa in USA (20 vacancies)","Java","EngagePoint",3,12/3/2012 12:50,FALSE
"Business Analyst (Procurements Automation)","Analyst","SoftServe",2,2/22/2013 12:57,TRUE
"Инженер по тестированию мобильных систем","QA","InfoPulse",2,2/21/2013 18:22,TRUE
"Middle PHP-developer","PHP","Intellectsoft",2,2/21/2013 14:13,TRUE
"PHP / Web Developer","PHP","CloneFish",2,2/21/2013 12:34,TRUE
"Product Manager",,"SysIQ",2,2/21/2013 10:52,TRUE
"Web Developer","Front End","Remit",2,2/20/2013 18:35,TRUE
"Quality Assurance Engineer","QA","Materialise Dental",2,2/20/2013 12:45,TRUE
"Automation Tester (Lviv)","QA","EPAM Systems",2,2/19/2013 17:46,TRUE
"Project Manager","Project Manager","Luxoft",2,2/19/2013 11:53,TRUE
"QA engineer for Berlingske","QA","Ciklum",2,2/19/2013 11:45,TRUE
".Net Developer",".NET","A-MTOSS",2,2/19/2013 11:30,TRUE
"Middle Java Developer","Java","Smile Ukraine - Open Source Solutions",2,2/18/2013 17:06,TRUE
"Technical expert / Technical Lead",,"Smile Ukraine - Open Source Solutions",2,2/18/2013 17:06,TRUE
"Functional Language Programmer",,"Ciklum",2,2/18/2013 12:51,TRUE
"Frontend developer for 24-7 Entertainment","Front End","Ciklum",2,2/18/2013 12:23,TRUE
"Automated QA Engineer for DIBS","QA","Ciklum",2,2/18/2013 9:52,TRUE
"C++ Game Developer for Hapti.co","C++","Ciklum",2,2/18/2013 9:33,TRUE
"C, C++ (Marmalade) Developer","C++","Wallhive",2,2/15/2013 20:28,TRUE
"Back-End .Net Developer for Betsson",".NET","Ciklum",2,2/15/2013 14:48,TRUE
"Technical Project manager for Playtech Mobile","Project Manager","Ciklum",2,2/15/2013 14:39,TRUE
"SQL/.NET Developer",".NET","Sigma Ukraine",2,2/14/2013 19:55,TRUE
"Релиз Менеджер",,"Persha Studia",2,2/13/2013 11:59,TRUE
"ASP.NET Developer",".NET","Nemetos Ukraine",2,2/12/2013 14:18,TRUE
"Android developer","Android","modnaKasta.ua",2,2/11/2013 20:35,TRUE
"IT Manager",,"Crytek Ukraine",2,2/11/2013 20:14,TRUE
"Java Software Engineer","Java","SoftServe",2,2/11/2013 17:58,TRUE
"Graphic/Web Designer","Дизайн","Svitla Systems, Inc.",2,2/11/2013 17:11,TRUE
"Senior iOS Developer","iOS/Mac","Lohika Systems",2,2/11/2013 16:57,TRUE
"Senior C#/C++ developer (Toronto, Canada)","C++","TAL group Inc.",2,2/8/2013 17:48,TRUE
"Front End Team Lead","Front End","Dachis Group",2,2/8/2013 16:22,TRUE
"Unix System Administrator",,"Svitla Systems, Inc.",2,2/8/2013 13:44,FALSE
"Senior .NET Developer",".NET","DataArt",2,2/8/2013 13:41,TRUE
"Middle .NET Developer",".NET","Luxoft",2,2/7/2013 13:36,TRUE
"Project manager (Web)","Project Manager","RightFusion",2,2/6/2013 12:46,TRUE
"Game Designer","Дизайн","Crytek Ukraine",2,2/6/2013 12:18,TRUE
"Server Programmer C#",".NET","Crytek Ukraine",2,2/5/2013 19:17,TRUE
"Senior .NET Developer",".NET","iDeals Solutions",2,2/5/2013 12:57,TRUE
"Python/django/js developer","Python","42 Coffee Cups",2,2/5/2013 12:53,TRUE
"ASP.NET Developer",".NET","Zfort Group",2,2/5/2013 10:41,TRUE
"C# ASP.NET Developer into Product Department",".NET","Sitecore",2,2/5/2013 10:06,TRUE
"Senior Java Developer","Java","SysIQ",2,2/4/2013 19:22,TRUE
"PHP Magento Developer","PHP","SysIQ",2,2/4/2013 19:22,TRUE
"Бизнес аналитик","Analyst","Щоденник",2,2/4/2013 16:36,TRUE
"Senior PHP Developer","PHP","MEGOGO.NET ",2,2/4/2013 16:30,TRUE
"Senior PHP разработчик","PHP","MirTesen.ru",2,2/4/2013 16:25,TRUE
"Web front-end developer","Front End","Serena Software Ukraine",2,2/4/2013 16:06,TRUE
"Project Technical Manager (Delivery)","Project Manager","NetCracker",2,2/4/2013 15:47,TRUE
"Ruby on Rails Developer","Ruby","DataArt",2,2/4/2013 15:20,TRUE
"Front-end (HTML, CSS, Javascript) Developer","Front End","Wallhive",2,2/4/2013 15:17,TRUE
"Аналитик-криптограф (защита информации)","Other","Арт-мастер (AM-SOFT)",2,2/4/2013 14:42,TRUE
"C++ Developer","C++","Akvelon Ukraine",2,2/1/2013 15:30,TRUE
"Project Manager for Wendia","Project Manager","Ciklum",2,2/1/2013 15:21,TRUE
"IT рекрутер","HR","Luxoft",2,2/1/2013 13:06,TRUE
"Программист ASP.NET",".NET","Интеллект-Сервис, Корпорация",2,1/31/2013 16:54,TRUE
"Perl developer","Perl","PortaOne",2,1/31/2013 16:07,TRUE
"Senior Analyst","Analyst","Luxoft",2,1/31/2013 12:14,TRUE
"Front-end developer","Front End","modnaKasta.ua",2,1/31/2013 10:35,TRUE
"Senior System Software developer","C++","Samsung Ukraine R&D Center",2,1/30/2013 8:40,TRUE
"Senior Research Engineer",,"Samsung Ukraine R&D Center",2,1/30/2013 8:40,TRUE
"Senior PHP Developer","PHP","Mobisoft.Ltd",2,1/29/2013 16:32,TRUE
"Front-end developer","Front End","Mobisoft.Ltd",2,1/29/2013 16:32,TRUE
"Project Manager","Project Manager","EngagePoint",2,1/29/2013 11:24,TRUE
"Middle / Senior Java Software Engineer","Java","EPAM Systems",2,1/29/2013 10:35,TRUE
"QA engineer for Playtech Open Gateway","QA","Ciklum",2,1/28/2013 10:38,TRUE
"Middle and Senior .NET Developers (R&D)",".NET","Skelia",2,1/25/2013 18:19,TRUE
"Senior Java developer","Java","Serena Software Ukraine",2,1/25/2013 17:54,TRUE
"Sales/Marketing Assistant","Sales","Trust Sourcing",2,1/25/2013 17:37,TRUE
"HTML Programmer","Front End","Trust Sourcing",2,1/25/2013 17:35,TRUE
"Technical Project Manager","Project Manager","Trust Sourcing",2,1/25/2013 17:32,TRUE
"Senior Test engineer","QA","Luxoft",2,1/25/2013 16:42,TRUE
"Android Developer","Android","Luxoft",2,1/25/2013 14:27,TRUE
"Java Developer","Java","Luxoft",2,1/25/2013 14:22,TRUE
"Senior PHP Software Engineer","PHP","SoftServe",2,1/25/2013 14:08,TRUE
"Senior Business Analyst","Analyst","Luxoft",2,1/25/2013 13:49,TRUE
"Scrum Master",,"Luxoft",2,1/25/2013 11:26,FALSE
"iOS Developer","iOS","Eastern Peak Software",2,1/24/2013 17:50,FALSE
"Android developer","Android","Eastern Peak Software",2,1/24/2013 17:50,FALSE
"Embedded Software Engineer","C++","Waverley Software",2,1/24/2013 17:44,FALSE
"Lead QA Engineer","QA","CloneFish",2,1/24/2013 14:01,FALSE
"Graphic Designer for Project Office","Дизайн","Ciklum",2,1/24/2013 12:19,FALSE
"Веб-дизайнер","Дизайн","ABFX — агентство интернет-решений ",2,1/24/2013 11:30,FALSE
"Опытный и талантливый Flash разработчик многомиллионых соц игр на Фейсбуке","Flash","Official Human",2,1/23/2013 23:47,FALSE
"Senior PHP / JavaScript Developer","PHP","Luxoft",2,1/23/2013 15:52,FALSE
"PHP front-end Developer","PHP","Trust Sourcing",2,1/23/2013 14:39,FALSE
"iOS Software Engineer","iOS/Mac","Stanfy",2,1/22/2013 17:26,FALSE
"Senior Developer (iOS) for Just Eat","iOS/Mac","Ciklum",2,1/22/2013 9:32,FALSE
"Cпециалист по тестированию (OpenStack)","QA","Mirantis",2,1/21/2013 13:21,FALSE
"Junior Android Developer","Android","ПАО КБ «ПРИВАТБАНК»",2,1/21/2013 11:59,FALSE
"IOS developer","iOS","ITCraft",2,1/21/2013 10:17,FALSE
"Flash/ActionScript Developers Team Lead","Flash","WebSource Technologies, Ltd",2,1/19/2013 22:23,FALSE
"Senior Java Engineer","Java","Cogniance, Inc",2,1/18/2013 13:23,FALSE
"PHP Senior/Middle Developer","PHP","stfalcon-studio",2,1/18/2013 13:03,FALSE
"Художник иллюстратор / artist illustrator",,"CloneFish",2,1/17/2013 14:49,FALSE
"Recruitment Consultant (IT) (280/KD)","HR","Kuadriga",2,1/17/2013 13:58,FALSE
"Test Case Engineer (Yapital)!","QA","Kuadriga",2,1/17/2013 13:55,FALSE
"Senior Java Developer (Yapital)!","Java","Kuadriga",2,1/17/2013 13:43,FALSE
"iOS Developer","iOS","InfoPulse",2,1/17/2013 13:24,FALSE
"Ведущий разработчик .NET/С#",".NET","ДубльГИС",2,1/16/2013 21:00,FALSE
"Front end разработчик","Front End","ПАО КБ «ПРИВАТБАНК»",2,1/16/2013 19:51,FALSE
"Стажер-разработчик интерфейсов в группу внутренних сервисов",,"Яндекс.Украина",2,1/15/2013 17:38,FALSE
"Product manager",,"Prom.ua",2,1/14/2013 17:07,FALSE
"JavaScript программист","Front End","Oversun Media LLC",2,1/14/2013 14:52,FALSE
"Software Engineer ASP.NET",".NET","Materialise",2,1/14/2013 11:38,FALSE
"Lead QA Engineer","QA","Augmentive",2,1/11/2013 18:17,FALSE
"Художник векторной графики",,"INSOLLO entertainment",2,1/11/2013 13:47,FALSE
"C++ Engineer","C++","Lohika Systems",2,1/11/2013 10:14,FALSE
"Automation Tester","QA","Ciklum",2,1/10/2013 17:17,FALSE
"Software Developer 3D/CAD (С++ or Delphi) for our USA office","C++","Sigmatek",2,1/10/2013 15:26,FALSE
"Инженер-разработчик электронных устройств",,"ТОВ ""Номинал Инжиниринг""",2,1/10/2013 15:12,FALSE
"Web designer","Дизайн","CloneFish",2,1/10/2013 13:54,FALSE
"SEO specialist","SEO","Mobisoft.Ltd",2,1/8/2013 18:06,FALSE
"Senior iOS developer","iOS","DAXX BV",2,1/8/2013 16:25,FALSE
"Junior Broadcast Technical Support Administrator","Support","Adstream",2,12/27/2012 15:16,FALSE
"QA Engineer for xtendx AG","QA","Ciklum",2,12/26/2012 17:36,FALSE
"Technical Product Manager",,"Cogniance, Inc",2,12/26/2012 10:36,FALSE
"Product manager",,"Mobisoft.Ltd",2,12/25/2012 12:58,FALSE
"Middle QA for VUEM/Andromeda","QA","Ciklum",2,12/24/2012 10:20,FALSE
"Senior Flex and Java developer","Java","Farata Systems",2,12/23/2012 19:25,FALSE
"Linux C++ Developer","C++","frog",2,12/19/2012 13:00,FALSE
"PHP Developer","PHP","Amadeus Ukraine",2,12/17/2012 10:08,FALSE
"PHP-программист (Middle / Junior)","PHP","Grandiz!",2,12/14/2012 10:41,FALSE
"Seo-эксперт",,"Level Up",2,12/13/2012 17:40,FALSE
"Руководитель контент-отдела",,"Level Up",2,12/13/2012 16:42,FALSE
"Senior .NET Developer",".NET","Щоденник",2,12/12/2012 14:30,FALSE
"iOS Developer/Android","iOS","Samsung Ukraine R&D Center",2,12/11/2012 13:09,FALSE
"Front-end Developer","Front End","SaM Solutions",2,12/10/2012 13:27,FALSE
"Бизнес аналитик в IT","Analyst","Кадровый центр Key communication",2,12/7/2012 10:30,FALSE
"Android Developer","Android","Mobile Labs",2,12/7/2012 10:20,FALSE
"ASP.Net developer",".NET","Serena Software Ukraine",2,12/4/2012 21:31,FALSE
"JavaScript Developer","Front End","InvisibleCRM",2,12/4/2012 19:02,FALSE
"Tester for Webforum","QA","Ciklum",2,12/4/2012 16:25,FALSE
"IT Director",,"Inbitec",2,12/3/2012 16:56,FALSE
"Software Testing Engineer for Encode","QA","Ciklum",2,12/3/2012 15:14,FALSE
"PHP/JavaScript программист","PHP","v425",2,12/3/2012 12:09,FALSE
"DevOps / SRE Team Lead | TubeMogul, Inc in Kiev",,"TubeMogul, Inc.",2,11/29/2012 13:55,FALSE
"Senior QA Engineer","QA","Skelia",2,11/29/2012 12:43,FALSE
"Scala/Java Developer","Java","DAXX BV",2,11/29/2012 11:17,FALSE
"Senior/Middle C # .NET Developer (Kiev)",".NET","EPAM Systems",2,11/28/2012 19:44,FALSE
"UI/UX Designer","Front End","Depositphotos",2,11/28/2012 15:41,FALSE
"Professional Software Engineer ASP.NET",".NET","Materialise",2,11/28/2012 12:36,FALSE
"QA engineer for Voltimum","QA","Ciklum",2,11/28/2012 12:07,FALSE
"Front End Developer","Front End","Booking.com",1,2/25/2013 11:03,TRUE
"Middle C++ Developer","C++","CloneFish",1,2/22/2013 14:19,TRUE
"Senior Test Automation Engineer","QA","SoftServe",1,2/22/2013 12:58,TRUE
"Solution Service Product Manager",,"SoftServe",1,2/22/2013 12:58,TRUE
"Провідний програміст 1С","1С","SoftServe",1,2/22/2013 12:57,TRUE
"Platform Architect","PHP","Dachis Group",1,2/21/2013 18:20,TRUE
"Android Developer","Android","Timecode LLC",1,2/21/2013 14:47,TRUE
"Программист JavaScript","Front End","Taberna eCommerce CMS",1,2/21/2013 14:07,TRUE
"HR Marketing and Recruitment Specialist","HR","SoftServe",1,2/21/2013 12:05,TRUE
"Lotus Notes/Domino QC Engineer","QA","SoftServe",1,2/21/2013 12:05,TRUE
"Magento developer (Middle+)","PHP","Pingbull",1,2/21/2013 9:35,TRUE
"IT Administrator",,"Level Up",1,2/20/2013 21:12,TRUE
"Sr Python Developer","Python","Level Up",1,2/20/2013 21:11,TRUE
"Lisp Developer",,"Grammarly",1,2/20/2013 14:10,TRUE
"iOS разработчик (удаленка)","iOS/Mac","Exercise.com, Inc.",1,2/20/2013 13:28,TRUE
"Linux Qt/QML Developer","C++","Luxoft",1,2/20/2013 12:14,TRUE
"Front-End UI Developer (Lviv)","Front End","EPAM Systems",1,2/19/2013 17:54,TRUE
"Affiliate manager","Sales","CloneFish",1,2/19/2013 16:27,TRUE
"Senior UI / UX Designer","Front End","Luxoft",1,2/19/2013 12:31,TRUE
"Java developer","Java","Right&Above",1,2/19/2013 11:35,TRUE
"Senior .Net 3D Developer",".NET","Luxoft",1,2/19/2013 11:13,TRUE
"Senior .Net Developer",".NET","Luxoft",1,2/19/2013 11:09,TRUE
"Senior .Net Developer",".NET","Luxoft",1,2/19/2013 10:57,TRUE
".NET developer",".NET","OSDN",1,2/19/2013 10:53,TRUE
"PHP developer","PHP","OSDN",1,2/19/2013 10:53,TRUE
"Senior C# / .NET ( WPF ) Developer",".NET","Augmentive",1,2/18/2013 18:41,TRUE
"Lead Objective-C (MAC OS X) Developer","iOS/Mac","Augmentive",1,2/18/2013 18:40,TRUE
"Automation Test Engineer (тестирование flash, server)","QA","CloneFish",1,2/18/2013 17:27,TRUE
"Flash разработчик Middle/Senior","Flash","CloneFish",1,2/18/2013 14:29,TRUE
"QA for Playtech mobile hub project","QA","Ciklum",1,2/18/2013 13:07,TRUE
"Junior .NET Developer/DanaWeb",".NET","Ciklum",1,2/18/2013 12:53,TRUE
"iOS Developer","iOS/Mac","Ciklum",1,2/18/2013 11:31,TRUE
"PHP Developer","PHP","Ciklum",1,2/18/2013 11:29,TRUE
"Embedded Software Developer","C++","EKTOS",1,2/18/2013 11:28,TRUE
"Embedded Software Developer","C++","EKTOS",1,2/18/2013 11:25,TRUE
"Senior/Middle .NET Developer",".NET","Ciklum",1,2/18/2013 11:23,FALSE
"One year contract position of senior/middle manual tester","QA","Ciklum",1,2/18/2013 10:48,FALSE
"Senior .Net Developer for ScanJour",".NET","Ciklum",1,2/18/2013 10:46,TRUE
"Senior Front-end Developer","Front End","Ciklum",1,2/18/2013 10:07,TRUE
"Media System Developer (.NET) for CODE Worldwide",".NET","Ciklum",1,2/18/2013 9:56,TRUE
"SDET for Unity 3D","QA","Ciklum",1,2/18/2013 9:52,TRUE
"Project Manager","Project Manager","Ciklum",1,2/18/2013 9:32,TRUE
"Programme Manager",,"Echostar Ukraine LLC",1,2/15/2013 17:49,TRUE
"Senior C# Software Engineer",".NET","Echostar Ukraine LLC",1,2/15/2013 17:48,FALSE
".NET Developer for R&D project (IRC14363)",".NET","GlobalLogic",1,2/15/2013 17:40,TRUE
"Team Lead php Developer","PHP","Eastern Peak Software",1,2/15/2013 15:13,TRUE
"Senior .Net developer for Tobii",".NET","Ciklum",1,2/15/2013 14:39,TRUE
"Менеджер интернет-рекламы","Other","Genesis Technology Partners",1,2/14/2013 16:26,TRUE
"Senior Configuration Manager",,"SoftServe",1,2/14/2013 12:29,TRUE
"Service Delivery Manager",,"Sigma Ukraine",1,2/14/2013 12:04,TRUE
"Senior Java developer","Java","ProgService",1,2/13/2013 18:48,TRUE
"JavaScript Programmer","Front End","INSOLLO entertainment",1,2/13/2013 17:14,TRUE
"QA engineer","QA","Adyax",1,2/13/2013 14:24,TRUE
"Java Programmer","Java","Persha Studia",1,2/13/2013 13:12,TRUE
"Senior QA Engineer","QA","Opera Mobile Store",1,2/13/2013 13:10,TRUE
"Content Manager","Other","Opera Mobile Store",1,2/13/2013 13:10,TRUE
"Senior PHP programmer (social)","PHP","Persha Studia",1,2/13/2013 13:09,TRUE
"Tech Lead Ruby Developer (Kiev & Kharkov offices)","Ruby","Intetics Co",1,2/13/2013 12:31,TRUE
"Business Development manager",,"Intetics Co",1,2/13/2013 12:31,TRUE
"Senior iOS Developer","iOS/Mac","The Frayman Group",1,2/13/2013 12:17,TRUE
"Front end developer","Front End","Wishdates",1,2/13/2013 12:01,TRUE
"Разработчик для iOS/Android платформ","iOS/Mac","СЕВА НОВА",1,2/13/2013 11:49,TRUE
"Senior PHP Developer (Magento)","PHP","Label Groupe",1,2/13/2013 10:44,TRUE
"Программист 1С","1С","Label Groupe",1,2/13/2013 10:39,TRUE
"Java Developer","Java","EPAM Systems",1,2/13/2013 10:12,TRUE
"Ruby on Rails Developer","Ruby","Nravo",1,2/12/2013 17:28,TRUE
"Важный С++ разработчик","C++","Murka",1,2/12/2013 14:52,FALSE
"Middle QA Engineer for Selectica","QA","Provectus-IT",1,2/12/2013 14:29,TRUE
"Senior.NET Developer",".NET","Nemetos Ukraine",1,2/12/2013 14:18,TRUE
"Senior Web Front-end developer","Front End","Serena Software Ukraine",1,2/12/2013 14:15,TRUE
"Intermediate Java Developer for Selectica","Java","Provectus-IT",1,2/12/2013 13:05,TRUE
"Recruiter","HR","SoftServe",1,2/11/2013 18:40,TRUE
"PR Specialist / Marketing Specialist","Other","SoftServe",1,2/11/2013 18:40,TRUE
"Ruby on Rails Software Engineer","Ruby","SoftServe",1,2/11/2013 18:38,TRUE
"Senior Project Manager","Project Manager","SoftServe",1,2/11/2013 18:33,TRUE
"агент з продажу сайтів","Sales","Веб-студія Alltimestudio",1,2/11/2013 18:10,TRUE
"Senior C++ Developer","C++","Quadrox",1,2/11/2013 17:56,TRUE
"Senior JavaScript developer","Front End","EPAM Systems",1,2/11/2013 16:52,FALSE
".NET Team Leader",".NET","EPAM Systems",1,2/11/2013 11:34,TRUE
"Senior Web Developer","Front End","SysIQ",1,2/11/2013 11:09,TRUE
"Senior QA Engineer","QA","INTROPRO LLC",1,2/9/2013 21:04,TRUE
"Middle/Senior Python Developer","Python","Svitla Systems, Inc.",1,2/8/2013 13:25,TRUE
"HTML/HTML5/JavaScript Coder","Front End","INTERSOG",1,2/8/2013 10:52,TRUE
"Senior Python/PHP Developer (to Work in the Netherlands)","Python","DAXX BV",1,2/7/2013 15:53,TRUE
"Java Developer","Java","Контент Сервис УА",1,2/7/2013 9:54,TRUE
"(Test Automation) Software Development Engineer in Test","QA","The Frayman Group",1,2/6/2013 15:06,TRUE
"Marketing Content and SEO Specialist","SEO","SysIQ",1,2/6/2013 15:04,TRUE
"JavaScript Developer","Front End","The Frayman Group",1,2/6/2013 15:01,TRUE
"QA Engineer","QA","Lohika Systems",1,2/6/2013 14:17,TRUE
"Mac OS Developer","iOS/Mac","ApriorIT",1,2/6/2013 14:12,TRUE
"Content Designer","Дизайн","Crytek Ukraine",1,2/6/2013 12:20,TRUE
"Lead Level Designer","Дизайн","Crytek Ukraine",1,2/6/2013 12:20,TRUE
"Game Programmer","C++","Crytek Ukraine",1,2/6/2013 12:19,TRUE
"Python programmer","Python","Crytek Ukraine",1,2/6/2013 12:18,TRUE
"Product manager","Front End","ГК ЛИГА",1,2/6/2013 9:40,TRUE
"Linux Developer","C++","ApriorIT",1,2/5/2013 15:08,TRUE
"Delphi Developer","Delphi","Intellias",1,2/5/2013 15:01,TRUE
"JavaScript/ Front-end Developer","Front End","Intellias",1,2/5/2013 15:00,TRUE
"Senior PHP-developer","PHP","ООО ""УКРНЕТ""",1,2/5/2013 14:44,TRUE
"IT Evangelist","Other","Paymentwall, Inc.",1,2/5/2013 14:27,TRUE
"Senior Front-End Developer","Front End","Lohika Systems",1,2/5/2013 13:08,TRUE
".NET Developer",".NET","Devart",1,2/5/2013 12:48,TRUE
"Internet Marketing Manager","Other","Devart",1,2/5/2013 12:44,TRUE
"Senior Oracle/DWH Developer","Oracle","Luxoft",1,2/5/2013 12:41,TRUE
"Старший разработчик .Net",".NET","Homer Software House",1,2/5/2013 11:54,TRUE
"Старший разработчик Oracle","Oracle","Homer Software House",1,2/5/2013 11:46,TRUE
"Младший программист ERP (Microsoft Dynamics NAV)","Other","ERP Consulting",1,2/5/2013 10:42,TRUE
"Experienced Automation QA Engineer","QA","Sitecore",1,2/5/2013 10:06,TRUE
"Junior/Middle SDET",".NET","Sigma Ukraine",1,2/4/2013 21:13,TRUE
"iOS developer","iOS/Mac","Dukascopy",1,2/4/2013 18:10,TRUE
"Аналитик программного обеспечения","Analyst","БИФИТ-Украина",1,2/4/2013 17:59,TRUE
"Frontend Web Developer (to work in the Netherlands)","Front End","DAXX BV",1,2/4/2013 17:29,TRUE
"PHP\JS Developer","PHP","AB Soft ",1,2/4/2013 17:28,TRUE
"PHP Developer","PHP","SaM Solutions",1,2/4/2013 16:46,TRUE
"Программист Oracle/ Delphi","Oracle","CS-Ltd",1,2/4/2013 16:27,TRUE
"WEB developer (PHP/C#)",".NET","SMKvision",1,2/4/2013 15:51,TRUE
"Java UI Developer (with GWT)","Java","NetCracker",1,2/4/2013 15:48,TRUE
"Java Team Lead","Java","NetCracker",1,2/4/2013 15:47,TRUE
"Ruby on Rails программист","Ruby","INP-Software",1,2/4/2013 15:18,TRUE
"Sr. Ruby on Rails developer","Ruby","Curebit",1,2/4/2013 15:18,TRUE
"Sales manager","Sales","INP-Software",1,2/4/2013 15:18,TRUE
"Upper-junior/Middle PHP программист","PHP","Wise Decisions Group",1,2/4/2013 15:03,TRUE
"Automation QA Engineer","QA","Lohika Systems",1,2/4/2013 15:02,TRUE
"Magento-разработчик (back-end)","PHP","Wise Decisions Group",1,2/4/2013 14:58,TRUE
"Архитектор",".NET","Арт-мастер (AM-SOFT)",1,2/4/2013 14:50,TRUE
"Senior Java Developer","Java","KSF (Kiev Software Factory)",1,2/4/2013 14:50,TRUE
"Программист С#.Net (middle)",".NET","Арт-мастер (AM-SOFT)",1,2/4/2013 14:47,TRUE
"php developer","PHP","Синергия Софт. Украина ",1,2/4/2013 14:46,TRUE
"Senior programmer C++/Python","C++","Persha Studia",1,2/4/2013 12:40,TRUE
"Lead/Techexpert Python Developer (Web)","Python","Persha Studia",1,2/4/2013 12:38,TRUE
"PHP Developer","PHP","Innovecs",1,2/1/2013 17:28,TRUE
"Agile Project Manager for Ciklum Services and Consulting department","Project Manager","Ciklum",1,2/1/2013 14:58,TRUE
"Senior C++ Engineer","C++","Lohika Systems",1,2/1/2013 14:28,TRUE
"ASP.NET Developer (middle/senior)",".NET","Trust Sourcing",1,2/1/2013 13:48,TRUE
"QA Engineer (Senior/Middle )","QA","Trust Sourcing",1,2/1/2013 13:47,TRUE
"Business Unit Manager",,"Skelia",1,2/1/2013 12:24,TRUE
"J2EE Web Developer","Java","Cogniance, Inc",1,1/31/2013 17:47,TRUE
"Front-End Engineer","Front End","Cogniance, Inc",1,1/31/2013 17:35,TRUE
".NET Developer",".NET","Plarium Ukraine",1,1/31/2013 15:00,TRUE
"Senior PHP Developer for Just Eat","PHP","Ciklum",1,1/31/2013 14:56,FALSE
"PHP Developer","PHP","Data Subsystems, Inc.",1,1/31/2013 11:45,TRUE
"UI дизайнер/ дизайнер интерфейсов","Front End","Веб-сервис uCoz",1,1/31/2013 10:20,TRUE
"Senior Front End Developer","Front End","DAXX BV",1,1/30/2013 18:28,TRUE
"PHP / Python Developer","Python","DAXX BV",1,1/30/2013 17:03,TRUE
"PHP Developer","PHP","INTERSOG",1,1/29/2013 18:10,TRUE
"Senior Java Engineer","Java","Lohika Systems",1,1/29/2013 17:35,TRUE
"Front End Engineer for Kinetics project","Front End","Lohika Systems",1,1/29/2013 17:29,TRUE
"C++ developer","C++","Mobisoft.Ltd",1,1/29/2013 16:31,TRUE
"SEO специалист","SEO","Element R&D",1,1/29/2013 15:20,TRUE
"ASP.NET Developer for Intranote",".NET","Ciklum",1,1/29/2013 15:03,TRUE
"Java Developer to work on L1B visa in USA (20 vacancies)","Java","EngagePoint",1,1/29/2013 11:22,TRUE
"Java Developer","Java","EPAM Systems",1,1/29/2013 10:24,TRUE
"QA","QA","DAXX BV",1,1/29/2013 10:22,TRUE
"Middle Java Developer","Java","DAXX BV",1,1/29/2013 10:18,TRUE
"PHP programmer","PHP","Trust Sourcing",1,1/28/2013 17:20,TRUE
"Senior Java Engineer","Java","SoftServe",1,1/28/2013 16:13,TRUE
"Software Release and Deployment Engineer ($750 Reward for Recommendation)",,"DAXX BV",1,1/25/2013 21:33,TRUE
"Middle and Senior Android Developers","Android","Skelia",1,1/25/2013 18:08,TRUE
"Senior QA","QA","T3leads",1,1/25/2013 17:25,TRUE
"Senior QA/Automation","QA","Luxoft",1,1/25/2013 16:45,TRUE
"Delivery Manager/Division Director",,"Luxoft",1,1/25/2013 16:36,TRUE
"Senior Engineer","C++","Luxoft",1,1/25/2013 14:11,TRUE
"C++ Software Engineer","C++","SoftServe",1,1/25/2013 14:09,TRUE
"Senior Analyst","Analyst","Luxoft",1,1/25/2013 13:17,TRUE
"Tech Lead/Senior .Net Developer",".NET","Luxoft",1,1/25/2013 12:15,FALSE
"Snr Sharepoint Developer",".NET","Luxoft",1,1/25/2013 12:07,FALSE
"Senior SQL Developer","Oracle","Luxoft",1,1/25/2013 11:56,FALSE
"C++ programmer for Open Text Project","C++","Ciklum",1,1/25/2013 11:44,FALSE
"Product Delivery Manager",,"Luxoft",1,1/25/2013 11:11,FALSE
"Front-end/Javascript Developer","Front End","Adstream",1,1/25/2013 10:50,FALSE
"Senior Oracle Architect","Oracle","Luxoft",1,1/25/2013 10:43,FALSE
"Начинающий C++ программист","C++","FulcrumWeb",1,1/25/2013 9:38,FALSE
"Linux Embedded С++ Developer","C++","FulcrumWeb",1,1/25/2013 9:37,FALSE
"Senior Java Developer","Java","Luxoft",1,1/24/2013 19:45,FALSE
"Hadoop\Java developer","Java","Luxoft",1,1/24/2013 19:24,FALSE
"Senior QA Engineer for Enfo Zipper","QA","Ciklum",1,1/24/2013 14:10,FALSE
"Delivery Unit Manager",,"Ciklum",1,1/24/2013 13:21,FALSE
"Test Engineer","QA","Luxoft",1,1/23/2013 17:40,FALSE
"Middle C++ Developer","C++","Luxoft",1,1/23/2013 15:58,FALSE
"Senior Developer C# / ASP.NET /MVC",".NET","ITG",1,1/22/2013 21:21,FALSE
"Network Administrator (Vinnitsa Branch)",,"InfoPulse",1,1/22/2013 16:46,FALSE
"Java developer","Java","Lohika Systems",1,1/22/2013 14:57,FALSE
"Senior Javascript Developer","Front End","EPAM Systems",1,1/22/2013 10:29,FALSE
"QA Engineer","QA","Ciklum",1,1/22/2013 9:24,FALSE
"Node.js Developer",,"Svitla Systems, Inc.",1,1/21/2013 17:26,FALSE
"C++ Team Lead","C++","Ciklum",1,1/21/2013 17:13,FALSE
"Middle/Senior Ruby on Rails Developer","Ruby","Svitla Systems, Inc.",1,1/21/2013 17:07,FALSE
"Senior .NET Developer (Vinnitsa, Zhytomir)",".NET","InfoPulse",1,1/21/2013 15:01,FALSE
"Java программист","Java","ПАО КБ «ПРИВАТБАНК»",1,1/21/2013 11:56,FALSE
"MS Dynamics NAVISION Support Engineer/Consultant","Support","Ciklum",1,1/21/2013 10:54,FALSE
"Windows 8 Mobile Developer",".NET","Ciklum",1,1/18/2013 17:43,FALSE
"iOS Developer","iOS","Cupid plc",1,1/17/2013 16:59,FALSE
"Senior QA Engineer (Yapital)!","QA","Kuadriga",1,1/17/2013 13:52,FALSE
"Flash Developer (295/KD)","Flash","Kuadriga",1,1/17/2013 13:44,FALSE
"Unix/Solaris Administrator",,"InfoPulse",1,1/17/2013 13:02,FALSE
"программист С++","C++","Smart Money",1,1/17/2013 13:01,FALSE
"Senior Windows C++ Software Engineer","C++","SoftServe",1,1/16/2013 16:28,FALSE
"ASP.NET(MVC) Developer (to work in the Netherlands)",".NET","DAXX BV",1,1/16/2013 12:27,FALSE
"Разработчик Python (Симферополь)","Python","Яндекс.Украина",1,1/15/2013 17:34,FALSE
"Старший разработчик Java","Java","Homer Software House",1,1/15/2013 13:39,FALSE
"Flash-animator / banner maker","Flash","Ebola Communications",1,1/15/2013 12:11,FALSE
"Senior iOS Engineer","iOS","Lohika Systems",1,1/15/2013 11:58,FALSE
"Senior/Middle Manual Tester","QA","Ciklum",1,1/15/2013 11:37,FALSE
"QA Tester for Ricardo_Search","QA","Ciklum",1,1/15/2013 10:35,FALSE
"Senior QA Engineer for OpenText","QA","Ciklum",1,1/15/2013 10:30,FALSE
"Lead C# / .NET (WPF) Developer",".NET","Augmentive",1,1/14/2013 20:50,FALSE
".Net Developer",".NET","Arkadium",1,1/14/2013 18:23,FALSE
"BA/QA Engineer (Simferopol)","QA","Web Consultants",1,1/14/2013 17:54,FALSE
"Developer C#, ASP.NET (Simferopol)",".NET","Web Consultants",1,1/14/2013 17:52,FALSE
"Objective-C или C++ программист","C++","Oversun Media LLC",1,1/14/2013 14:51,FALSE
"Пряморукий iOs разработчик","iOS","Murka",1,1/11/2013 19:22,FALSE
"Python Engineer","Python","Cogniance, Inc",1,1/11/2013 17:33,FALSE
"Research Developer",,"Grammarly",1,1/11/2013 16:26,FALSE
"Senior Java Engineer","Java","Lohika Systems",1,1/11/2013 10:12,FALSE
"Mac разработчик в крутую iOS команду","iOS","Alterplay",1,1/10/2013 15:12,FALSE
"Dev Lead (Java, Web)","Java","Serena Software Ukraine",1,1/10/2013 15:07,FALSE
"Intermediate Java Developer (Professional Services Engineer)","Java","Provectus-IT",1,1/9/2013 14:26,FALSE
"Senior Android developer","Android","DAXX BV",1,1/8/2013 16:40,FALSE
".NET Developer",".NET","Akvelon Ukraine",1,1/3/2013 14:17,FALSE
"PHP Developer","PHP","CODEVOG",1,1/3/2013 10:11,FALSE
"Senior Business Analyst","Analyst","SoftServe",1,12/31/2012 11:55,FALSE
"iOS Software Engineer","iOS","SoftServe",1,12/31/2012 11:54,FALSE
"SharePoint Technology Consultant",".NET","SoftServe",1,12/31/2012 11:54,FALSE
"Java developer for Wunderman","Java","Ciklum",1,12/28/2012 12:57,FALSE
"Senior C++ Developer","C++","Persha Studia",1,12/27/2012 17:07,FALSE
"Ruby Engineer","Ruby","Cogniance, Inc",1,12/26/2012 10:34,FALSE
"Software Engineer (Java, Scala)","Java","Azigo Inc.",1,12/26/2012 9:34,FALSE
"Senior Python Software Engineer","Python","SoftServe",1,12/25/2012 14:04,FALSE
"PHP Web developers for Softonic","PHP","Ciklum",1,12/25/2012 12:19,FALSE
"ASP.NET Developer",".NET","EPAM Systems",1,12/24/2012 20:45,FALSE
"Senior .NET Developer",".NET","EPAM Systems",1,12/24/2012 20:39,FALSE
"Senior Frontend developer for AdPepper","Front End","Ciklum",1,12/24/2012 15:50,FALSE
"Web Developer",,"CloneFish",1,12/24/2012 13:26,FALSE
"Javascript Developer","Front End","Soft-Ukraine",1,12/24/2012 11:51,FALSE
"Test Automation Engineer for Betsson","QA","Ciklum",1,12/24/2012 10:29,FALSE
"Technical Co-Founder/ Project Manager","Project Manager","FreeWay",1,12/22/2012 12:22,FALSE
"senior php developer","PHP","Almazoom",1,12/22/2012 12:18,FALSE
"Senior Javascript Developer","Front End","Innovecs",1,12/20/2012 14:44,FALSE
"Senior Flex Engineer","Flash","Cogniance, Inc",1,12/20/2012 13:41,FALSE
"QA engineer for AppDNA","QA","Ciklum",1,12/20/2012 11:39,FALSE
"Test Engineer for business process automation","QA","Sigma Ukraine",1,12/19/2012 13:31,FALSE
"Старший разработчик .Net",".NET","Homer Software House",1,12/19/2012 11:19,FALSE
"Business Process Analyst (Technical writer) for Ciklum","Analyst","Ciklum",1,12/18/2012 11:54,FALSE
"Project Leader (технический менеджер проекта)",,"Inbitec",1,12/17/2012 17:46,FALSE
"QA engineer","QA","Inbitec",1,12/17/2012 17:46,FALSE
"Системный администратор",,"Intetics Co",1,12/17/2012 15:34,FALSE
".NET Developer",".NET","WebConsultants",1,12/17/2012 10:36,FALSE
"PHP Developer","PHP","Amadeus Ukraine",1,12/17/2012 10:09,FALSE
"VUEM / Andromeda Senior QA","QA","Ciklum",1,12/14/2012 17:42,FALSE
"PHP разработчик","PHP","EASYVEASY",1,12/12/2012 18:37,FALSE
"Senior ASP.NET Developer, Team Leader",".NET","Svitla Systems, Inc.",1,12/10/2012 18:37,FALSE
"WordPress developer","PHP","Кадровый центр Key communication",1,12/10/2012 8:48,FALSE
"Senior Embedded SW Engineer",,"Cogniance, Inc",1,12/8/2012 14:08,FALSE
"Java Developer","Java","SoftIndustry",1,12/7/2012 15:10,FALSE
"iOS developer","iOS","Intellectsoft",1,12/7/2012 13:09,FALSE
"C++ Developer for Skype","C++","Lohika Systems",1,12/7/2012 12:15,FALSE
"Senior Android Developer","Android","Mobile Labs",1,12/7/2012 10:20,FALSE
"Художник иллюстратор / artist illustrator",,"CloneFish",1,12/6/2012 14:18,FALSE
"Middle ASP.NET (Web Developer)",".NET","DAXX BV",1,12/6/2012 13:33,FALSE
"QA engineer (manual)","QA","Continuum",1,12/5/2012 19:21,FALSE
"Специалист по сбору и обоработке данных (Киев)",,"Intetics Co",1,12/4/2012 16:50,FALSE
"Java/Python Software Engineer for PaaS and IaaS areas","Java","Mirantis",1,12/4/2012 15:12,FALSE
"Accountant, Kyiv",,"SysIQ",1,12/4/2012 12:56,FALSE
"Senior Front-End Developer (to work in the Netherlands)","Front End","DAXX BV",1,12/3/2012 17:41,FALSE
"Student worker for Unity 3D",,"Ciklum",1,12/3/2012 16:51,FALSE
"Project Manager","Project Manager","EngagePoint",1,12/3/2012 12:49,FALSE
"QA Automation Engineer for SCRUM team","QA","EngagePoint",1,12/3/2012 12:31,FALSE
"Ruby developer","Ruby","City Media Digital AS",1,12/3/2012 9:59,FALSE
"QA Engineer for Tobii","QA","Ciklum",1,12/3/2012 9:13,FALSE
"J2EE Web Deveoper","Java","Cogniance, Inc",1,11/30/2012 13:52,FALSE
"PM for QUENTIQ","Project Manager","Ciklum",1,11/30/2012 11:03,FALSE
"Quality Assurance Engineer","QA","Faria Systems Ltd.",1,11/29/2012 22:38,FALSE
"QA Engineer","QA","Skelia",1,11/29/2012 12:41,FALSE
"Senior QA for AdQuota","QA","Ciklum",1,11/29/2012 9:14,FALSE
"Java Developer","Java","Lohika Systems",1,11/28/2012 14:25,FALSE
"3D Graphics Programmer / Программист 3D графики",,"Ubisoft",1,11/28/2012 9:56,FALSE
".NET C# Backend Developer for adQuota",".NET","Ciklum",1,11/27/2012 18:03,FALSE
"Android developer for Ricardo","Android","Ciklum",1,11/27/2012 15:49,FALSE
"Good in Perl or Willing to Know?","Perl","Booking.com",0,2/25/2013 11:11,TRUE
"PHP TeamLead в Работающий Проект","PHP","TurboSMS",0,2/25/2013 9:43,TRUE
"Senior or Middle C++ Developer","C++","AllenPort Co.",0,2/23/2013 0:39,TRUE
"Middle/Senior PHP Developer","PHP","T3leads",0,2/22/2013 20:09,TRUE
"Подержка пользователей (2nd line support)","Support","Biruza Software",0,2/22/2013 16:41,TRUE
"iPhone developer","iOS/Mac","Biruza Software",0,2/22/2013 16:40,TRUE
"Senior .Net Developer/ Danaweb",".NET","Ciklum",0,2/22/2013 16:39,TRUE
"ASP.NET программист",".NET","Biruza Software",0,2/22/2013 16:39,TRUE
"Team Lead / Senior .Net Developer",".NET","InfoPulse",0,2/22/2013 16:02,TRUE
"Senior C++ Developer","C++","CloneFish",0,2/22/2013 14:17,TRUE
"Python / Django разработчики","Python","SteelKiwi Development",0,2/22/2013 13:42,TRUE
"Unix QC Engineer","QA","SoftServe",0,2/22/2013 12:59,TRUE
"DevOps Engineer (Configuration Manager)",,"SoftServe",0,2/22/2013 12:58,TRUE
"Regional .NET Competence Manager",".NET","SoftServe",0,2/22/2013 12:58,TRUE
"Програміст по підтримці систем 1С","1С","SoftServe",0,2/22/2013 12:57,TRUE
"Senior QA Engineer for Playtech MEXOS","QA","Ciklum",0,2/22/2013 11:42,TRUE
"Java Developer for Playtech MEXOS","Java","Ciklum",0,2/22/2013 11:25,TRUE
"Experienced Front-end Developer for ebuilders","Front End","Ciklum",0,2/22/2013 9:38,TRUE
"On-site Senior Python Software Engineer","Python","SoftServe",0,2/21/2013 18:52,TRUE
"Mobile Developer","iOS","Dachis Group",0,2/21/2013 18:42,TRUE
"Front End Developer","Front End","Dachis Group",0,2/21/2013 18:32,TRUE
"Менеджер техподдержки клиентов, Support manager","Support","ProgService",0,2/21/2013 18:20,TRUE
"BlackBerry Developer","Other","Timecode LLC",0,2/21/2013 14:35,TRUE
"UIX-дизайнер","Дизайн","Taberna eCommerce CMS",0,2/21/2013 14:20,TRUE
"Инженер внедрения и поддержки (Россия)","Support","SoftServe",0,2/21/2013 12:57,TRUE
"Руководитель группы по разработке электронных устройств",,"ТОВ ""Номинал Инжиниринг""",0,2/21/2013 12:36,TRUE
"HR Manager","HR","Inbitec",0,2/21/2013 12:32,TRUE
"Career Advisor","HR","SoftServe",0,2/21/2013 12:04,TRUE
"Java Guru","Java","HamsterCoders",0,2/21/2013 10:44,TRUE
"C++ Win Hacker","C++","HamsterCoders",0,2/21/2013 10:44,TRUE
"ASP.NET Developer",".NET","Zfort Group",0,2/21/2013 10:19,TRUE
"Support Administrator","Support","Ciklum",0,2/21/2013 10:01,TRUE
"PHP Developer (Zend)","PHP","Pingbull",0,2/21/2013 9:33,TRUE
"Erlang",,"Synrc Research Center",0,2/21/2013 0:54,TRUE
"Flex/Flash","Flash","Synrc Research Center",0,2/21/2013 0:51,TRUE
"Lead C++ Game Developer","C++","KevuruGames",0,2/20/2013 20:12,TRUE
"Android Developer for Gravity Mobile","Android","Provectus-IT",0,2/20/2013 19:33,TRUE
"Java Team Lead","Java","Remit",0,2/20/2013 18:35,TRUE
"Javascript developer for Augaroo-Zoomdata","Front End","Ciklum",0,2/20/2013 18:04,TRUE
"Web-дизайнер","Дизайн","Right&Above",0,2/20/2013 17:19,TRUE
".NET developer",".NET","Right&Above",0,2/20/2013 17:18,TRUE
"Senior JavaScript / Front-end developer","Front End","BabylOFF Inc.",0,2/20/2013 17:14,TRUE
"Senior PHP Developer","PHP","Sigma Ukraine",0,2/20/2013 15:01,TRUE
"IT Assistant","Other","Ciklum",0,2/20/2013 14:50,TRUE
"Senior Unity 3D Developer",,"KevuruGames",0,2/20/2013 13:57,TRUE
"C++ Developer","C++","Inbitec",0,2/20/2013 12:09,TRUE
"Development Manager",,"Inbitec",0,2/20/2013 12:02,TRUE
"Server Test Engineer","QA","Luxoft",0,2/20/2013 12:02,TRUE
"Server Java Developer","Java","Luxoft",0,2/20/2013 11:59,TRUE
"WEB Java Developer","Java","Luxoft",0,2/20/2013 11:54,TRUE
".Net UI Developer",".NET","Luxoft",0,2/20/2013 11:46,TRUE
".Net Lead UI Developer",".NET","Luxoft",0,2/20/2013 11:41,TRUE
"Product Manager",,"Inbitec",0,2/20/2013 11:33,TRUE
"Senior Software Architect / Team Leader",,"Intellias",0,2/20/2013 11:30,TRUE
"Automation Tester","QA","Inbitec",0,2/20/2013 11:25,TRUE
"Middle Front End Developer","Front End","Ciklum",0,2/20/2013 10:37,TRUE
"Senior .NET Software Engineer (Lviv)",".NET","EPAM Systems",0,2/19/2013 17:52,TRUE
"Senior Python Developer (Lviv)","Python","EPAM Systems",0,2/19/2013 17:45,TRUE
"Senior Python Developer (Lviv)","Python","EPAM Systems",0,2/19/2013 17:44,TRUE
"Senior BI Solutions Architect (Lviv)","Other","EPAM Systems",0,2/19/2013 17:44,TRUE
"Automation Testing Team Lead","QA","EPAM Systems",0,2/19/2013 17:44,TRUE
"Project manager/(lead with Java skills) LVIV","Java","EPAM Systems",0,2/19/2013 17:42,TRUE
"Веб-розробник","PHP","Веб-студія Alltimestudio",0,2/19/2013 17:12,TRUE
"Team Lead with strong C# expertise",".NET","SimCorp",0,2/19/2013 17:08,TRUE
"Sound Designer for Playtech Mobile","Дизайн","Ciklum",0,2/19/2013 16:50,TRUE
"Mobile Traffic Manager (специалист по рекламе игровых приложений на iOS и Android)","iOS/Mac","CloneFish",0,2/19/2013 16:22,TRUE
"Software Engineer (Java, Scala)","Scala","Azigo Inc.",0,2/19/2013 15:49,TRUE
"Junior MAC Software Engineer","iOS/Mac","SoftServe",0,2/19/2013 14:36,TRUE
"Marketing Manager Europe","Other","SoftServe",0,2/19/2013 14:36,TRUE
"Senior Web Developer","Ruby","Nravo",0,2/19/2013 12:29,TRUE
"Senior QA/Automation Tester","QA","Luxoft",0,2/19/2013 12:24,TRUE
"Front-end Developer","Front End","Ciklum",0,2/19/2013 12:21,TRUE
"PHP Back-end Developer","PHP","Ciklum",0,2/19/2013 12:12,TRUE
"Automation QA Lead for Playtech","QA","Ciklum",0,2/19/2013 12:01,TRUE
"PHP Team Leader/Scrum Master","PHP","Ciklum",0,2/19/2013 11:53,TRUE
"HTML5 Game Developer","Front End","TransGaming Ukraine ",0,2/19/2013 11:45,TRUE
"Support Administrator","Support","Adstream",0,2/19/2013 11:30,TRUE
"Senior QA Automation Engineer for Playtech","QA","Ciklum",0,2/19/2013 11:04,TRUE
"Senior .NET Developer",".NET","Luxoft",0,2/19/2013 11:01,TRUE
"Senior Objective-C ( iOS ) Developer","iOS/Mac","Augmentive",0,2/18/2013 18:40,TRUE
"Senior Objective-C (MAC OS X) Developer","iOS/Mac","Augmentive",0,2/18/2013 18:40,TRUE
"System Administrator for Project Office",,"Ciklum",0,2/18/2013 17:26,TRUE
"System Administrator (Kharkiv)",,"EPAM Systems",0,2/18/2013 17:09,TRUE
"Web-разработчик","PHP","Dukascopy",0,2/18/2013 17:05,TRUE
"Разработчик приложений iPhone/ iPad","iOS/Mac","Startsoft",0,2/18/2013 16:47,TRUE
"Senior Automation QA","QA","Lohika Systems",0,2/18/2013 16:45,FALSE
"PHP-программист","PHP","Startsoft",0,2/18/2013 15:20,TRUE
"Middle Java Developer for Playtech Casino","Java","Ciklum",0,2/18/2013 15:07,TRUE
"Teacher of SoftServe IT Academy","Other","SoftServe",0,2/18/2013 14:07,TRUE
"PHP тестовая вакансия","PHP","DOU",0,2/18/2013 13:54,FALSE
"C++ Developer","C++","Ciklum",0,2/18/2013 13:48,TRUE
"Sharepoint Developer",".NET","Ciklum",0,2/18/2013 11:41,TRUE
"Junior .NET Developer",".NET","Ciklum",0,2/18/2013 11:38,FALSE
"Junior .NET Developer",".NET","Ciklum",0,2/18/2013 11:38,TRUE
"Junior .NET Developer",".NET","Ciklum",0,2/18/2013 11:28,FALSE
"Embedded Software Developer","C++","EKTOS",0,2/18/2013 11:27,TRUE
"Front-End Developer","Front End","Ciklum",0,2/18/2013 11:26,FALSE
"One Year Contract Position of Senior/Middle .NET Developer",".NET","Ciklum",0,2/18/2013 11:25,TRUE
"Senior/Middle .NET Developer",".NET","Ciklum",0,2/18/2013 10:52,FALSE
".NET Developer",".NET","Ciklum",0,2/18/2013 10:50,TRUE
"PHP / Python Django Developer","Python","Ciklum",0,2/18/2013 10:48,TRUE
"Middle .NET Developer",".NET","Ciklum",0,2/18/2013 10:47,TRUE
"Middle Microsoft Web Developer for Vertica",,"Ciklum",0,2/18/2013 9:57,FALSE
"iOS Team Leader","iOS/Mac","Ciklum",0,2/18/2013 9:51,TRUE
"iOS Team Leader","iOS/Mac","Ciklum",0,2/18/2013 9:51,TRUE
"iOS Team Leader","iOS/Mac","Ciklum",0,2/18/2013 9:50,TRUE
"Cellphone Engineer","C++","Ciklum",0,2/18/2013 9:33,TRUE
"Senior Microsoft Word Support and Developer for Edgar Online","Support","Ciklum",0,2/18/2013 9:31,TRUE
"Junior/Middle Front-end Developer","Front End","Ciklum",0,2/18/2013 9:30,TRUE
"Middle/Senior Manual QC Analyst for EDGAR Online","QA","Ciklum",0,2/18/2013 9:28,FALSE
"Senior PHP Developer for MADS","PHP","Ciklum",0,2/18/2013 9:28,TRUE
"System Administrator for Cashcloud S.A.",,"Ciklum",0,2/18/2013 9:27,TRUE
"Mobile QA","QA","Ciklum",0,2/18/2013 9:27,TRUE
"Senior .NET Developer",".NET","Ciklum",0,2/18/2013 9:25,TRUE
"Scrum Master / Team Manager",,"Ciklum",0,2/18/2013 9:25,FALSE
"Senior OSX Development Engineer","iOS/Mac","Echostar Ukraine LLC",0,2/15/2013 17:49,TRUE
"OSX Development Engineer","iOS/Mac","Echostar Ukraine LLC",0,2/15/2013 17:49,TRUE
"Software Engineer","C++","Echostar Ukraine LLC",0,2/15/2013 17:48,TRUE
"Java Architect for Kuoni","Java","Ciklum",0,2/15/2013 17:19,TRUE
"РНР разработчик","PHP","Flirchi LLC",0,2/15/2013 17:07,TRUE
"System Test Group Manager for Playtech","QA","Ciklum",0,2/15/2013 16:36,TRUE
"Java Architect for Playtech","Java","Ciklum",0,2/15/2013 14:52,TRUE
"DB Administrator (MS SQL) for Betsson",,"Ciklum",0,2/15/2013 14:31,TRUE
"Android (тестовая вакансия)","Android","DOU",0,2/15/2013 14:19,FALSE
"PHP developer (тестовая вакансия)","PHP","DOU",0,2/15/2013 14:18,FALSE
"Java WebLogic Developer","Java","EPAM Systems",0,2/15/2013 13:28,TRUE
"PHP Superstar Developer (Highload)","PHP","LeBoutique.com",0,2/15/2013 13:18,TRUE
"Senior Exadata Developer",,"EPAM Systems",0,2/15/2013 12:58,FALSE
"Creative Front-End Deveoper","Front End","Svitla Systems, Inc.",0,2/15/2013 12:16,TRUE
"Senior .NET Web Developer",".NET","8th Sphere",0,2/15/2013 2:42,TRUE
"Middle Java Developer","Java","Sigma Ukraine",0,2/14/2013 19:57,TRUE
"SharePoint developer",".NET","Web Consultants",0,2/14/2013 16:21,TRUE
"Product Manager",,"Genesis Technology Partners",0,2/14/2013 16:09,TRUE
"Инженер по автоматизированному тестированию","QA","InfoPulse",0,2/14/2013 14:01,TRUE
"Python Software Engineer","Python","SoftServe",0,2/14/2013 12:30,TRUE
"Senior Java developer","Java","EPAM Systems",0,2/14/2013 12:10,TRUE
"Senior Java Developer","Java","Sigma Ukraine",0,2/14/2013 12:10,TRUE
"Senior ASP.NET Developer",".NET","Sigma Ukraine",0,2/14/2013 12:05,TRUE
"Middle Test Engineer","QA","Sigma Ukraine",0,2/14/2013 12:03,TRUE
"Junior Sales Manager","Sales","Sigma Ukraine",0,2/14/2013 12:03,TRUE
"Инженер по внедрению и поддержке биллинга","Other","Латера",0,2/13/2013 18:50,TRUE
"Senior (Lead) .NET Developer (Lviv)",".NET","EPAM Systems",0,2/13/2013 17:34,TRUE
"UI Developer with Sencha GTX toolkit","Front End","InfoPulse",0,2/13/2013 16:59,TRUE
"Senior Web Developer (php)","PHP","ТОВ ""Обрий Продактс"" ГК PocketBook",0,2/13/2013 16:43,TRUE
"Senior Ruby Developer","Ruby","Svitla Systems, Inc.",0,2/13/2013 16:39,TRUE
"iOS developer","iOS/Mac","MarkaSoftware",0,2/13/2013 15:11,TRUE
"iOS developer","iOS/Mac","MarkaSoftware",0,2/13/2013 15:10,TRUE
"Senior Frontend Developer","Front End","SysIQ",0,2/13/2013 14:31,TRUE
"Frontend Developer","Front End","SysIQ",0,2/13/2013 14:28,TRUE
"Team Manager",,"Sitecore",0,2/13/2013 13:21,TRUE
"Senior Java Developer","Java","EPAM Systems",0,2/13/2013 12:56,TRUE
"Senior Python/Java Networking developer","Java","Lohika Systems",0,2/13/2013 12:33,TRUE
"Lead/Techexpert QA","QA","Persha Studia",0,2/13/2013 12:11,TRUE
"Senior Flash Developer","Flash","Persha Studia",0,2/13/2013 12:02,TRUE
"PHP/Drupal developer","PHP","Adyax",0,2/13/2013 11:56,TRUE
"Senior PHP / Drupal Developer","PHP","Adyax",0,2/13/2013 11:56,TRUE
"Старший разработчик для iOS/Android платформ","iOS/Mac","СЕВА НОВА",0,2/13/2013 11:47,TRUE
"Senior Java (Server-Side) Developer","Java","EPAM Systems",0,2/13/2013 10:20,TRUE
"Junior web дизайнер","Дизайн","Prom.ua",0,2/12/2013 16:28,TRUE
"Linux Engineer",,"Murka",0,2/12/2013 16:18,TRUE
"Team Lead Perl Developer for LiveNation","Perl","Provectus-IT",0,2/12/2013 16:09,TRUE
"Flash developer","Flash","Murka",0,2/12/2013 15:16,TRUE
"Middle/Senior Java Developer (Kyiv)","Java","EPAM Systems",0,2/12/2013 14:56,TRUE
"Важный С++ разработчик","C++","Murka",0,2/12/2013 14:55,TRUE
"Software Automation Testing Engineer","QA","Systematica llc",0,2/12/2013 14:20,TRUE
"Front-end Developer (JavaScript/HTML/CSS)","Front End","Nemetos Ukraine",0,2/12/2013 14:18,TRUE
"Intermediate QA Engineer for Live Nation","QA","Provectus-IT",0,2/12/2013 12:57,TRUE
"Senior Java developer","Java","EPAM Systems",0,2/12/2013 12:47,TRUE
"Java Architect","Java","EPAM Systems",0,2/12/2013 12:45,TRUE
"Temporary Help Desk Administrator /2 months contact/","Support","Kuadriga",0,2/12/2013 12:41,TRUE
"Drupal developer (to work in the Netherlands)","PHP","DAXX BV",0,2/12/2013 12:27,TRUE
"Middle C++ Developer","C++","ISD",0,2/12/2013 12:02,TRUE
"iOS Developer","iOS/Mac","Sitecore",0,2/12/2013 10:16,TRUE
"Service Desk Engineer","Support","Sitecore",0,2/12/2013 10:11,TRUE
"BI / Data Warehouse Engineer","Other","modnaKasta.ua",0,2/11/2013 21:06,TRUE
"iOS developer","iOS/Mac","modnaKasta.ua",0,2/11/2013 20:40,TRUE
"Support Engineer","Support","SysIQ",0,2/11/2013 19:21,TRUE
"Senior Ruby on Rails Software Engineer","Ruby","SoftServe",0,2/11/2013 18:47,TRUE
"On-site .NET/Silverlight Software Engineer",".NET","SoftServe",0,2/11/2013 18:39,TRUE
"CRM Software Engineer",".NET","SoftServe",0,2/11/2013 18:39,TRUE
"Regional .NET Competence Manager",".NET","SoftServe",0,2/11/2013 18:39,TRUE
"Program Manager",,"SoftServe",0,2/11/2013 18:39,TRUE
"UI/UX Designer","Front End","SoftServe",0,2/11/2013 18:39,TRUE
"Java Technical Leader","Java","SoftServe",0,2/11/2013 18:38,TRUE
"R&D Technology Consultant","Other","SoftServe",0,2/11/2013 18:38,TRUE
"Regional .NET Competence Manager",".NET","SoftServe",0,2/11/2013 18:33,TRUE
"Senior QС Engineer","QA","SoftServe",0,2/11/2013 18:33,TRUE
"Python Engineer","Python","Cogniance, Inc",0,2/11/2013 18:18,TRUE
"Lotus Notes/Domino Software Engineer","Other","SoftServe",0,2/11/2013 17:58,TRUE
"Lotus Notes/Domino Analyst","Analyst","SoftServe",0,2/11/2013 17:58,TRUE
"Lead/PM JavaScript","Front End","EPAM Systems",0,2/11/2013 16:53,FALSE
"Аналитик Siebel CRM","Analyst","F&CBank",0,2/11/2013 14:06,TRUE
"Script Developer","Other","Adstream",0,2/11/2013 12:36,TRUE
"Senior Software Testing Engineer (Kharkiv)","QA","EPAM Systems",0,2/11/2013 11:58,TRUE
"Software Automation Testing Engineer (Kharkiv)","QA","EPAM Systems",0,2/11/2013 11:52,TRUE
"Automated QA Engineer","QA","KSF (Kiev Software Factory)",0,2/11/2013 11:03,TRUE
"Senior ASP.Net Developer",".NET","Artelogic",0,2/10/2013 19:32,TRUE
"QA Engineer","QA","MindK Ltd.",0,2/9/2013 21:33,TRUE
"Middle PHP / JS developer","PHP","MindK Ltd.",0,2/9/2013 21:25,TRUE
"Project Manager in Software Development","Project Manager","MindK Ltd.",0,2/9/2013 21:19,TRUE
"Enterprise Applications Senior Software Developer/Software Architect","Java","INTROPRO LLC",0,2/9/2013 21:00,TRUE
"Embedded Applications Software Developer","Java","INTROPRO LLC",0,2/9/2013 20:58,TRUE
"Java Developer for a new Bottomline project","Java","GlobalLogic",0,2/8/2013 19:25,TRUE
"Senior Java Developer for a new Bottomline project","Java","GlobalLogic",0,2/8/2013 19:24,TRUE
"Configuration manager","Other","Exigen Services",0,2/8/2013 18:13,TRUE
"Senior project/program manager","Project Manager","Exigen Services",0,2/8/2013 18:03,TRUE
"iOS Developer (Toronto, Canada)","iOS/Mac","TAL group Inc.",0,2/8/2013 17:43,TRUE
"Middle PHP / HTML / JavaScript Programmer","PHP","A2A",0,2/8/2013 17:23,TRUE
"Big Data Developer","Other","Dachis Group",0,2/8/2013 16:24,TRUE
"PHP developer","PHP","Dachis Group",0,2/8/2013 16:24,TRUE
"Senior Web User Interface Developer","Front End","Skelia",0,2/8/2013 15:50,TRUE
"Android Developer","Android","ELEKS",0,2/8/2013 15:27,TRUE
"Localization Linguistic QA","QA","Lohika Systems",0,2/8/2013 14:25,TRUE
"Enterprise Technology Consultant","Other","SoftServe",0,2/7/2013 17:48,TRUE
"Senior Android Developer","Android","ПАО КБ «ПРИВАТБАНК»",0,2/7/2013 16:59,TRUE
"Full time Front End Developer","Front End","Cloud Consulting AS",0,2/7/2013 15:35,TRUE
"QA Engineer","QA","Propeople",0,2/7/2013 14:11,TRUE
"Senior Developer/Integrator MatLab","Other","Luxoft",0,2/7/2013 14:11,TRUE
"Junior NOC Engineer","Other","SMTP, Inc.",0,2/7/2013 14:01,TRUE
".NET lead",".NET","Luxoft",0,2/7/2013 13:49,TRUE
"Senior .Net Developer",".NET","Luxoft",0,2/7/2013 13:43,TRUE
"ALM Support Engineer","Support","InfoPulse",0,2/7/2013 12:19,FALSE
"Ведущий iOS/Mac OSX программист","iOS","Metacom Company",0,2/6/2013 23:08,FALSE
"Менеджер по контекстной рекламе в социальных сетях","Other","CloneFish",0,2/6/2013 19:05,TRUE
"С++ в режиме Бога","C++","Brightgrove LTD.",0,2/6/2013 19:03,TRUE
"iOS-developer","iOS","Intellectsoft",0,2/6/2013 18:55,TRUE
"Python Developer","Python","DataArt",0,2/6/2013 17:27,TRUE
"1С Битрикс программист","1С","Web Consultants",0,2/6/2013 17:06,TRUE
"C#.Net Senior Developer (gambling game)",".NET","F&CBank",0,2/6/2013 16:35,FALSE
"PHP Developer","PHP","SQURO",0,2/6/2013 16:16,TRUE
"RoR Developer","Ruby","SQURO",0,2/6/2013 16:16,TRUE
"Web-дизайнер","Дизайн","SQURO",0,2/6/2013 16:16,TRUE
".NET Developer in BELARUS",".NET","GroupDocs",0,2/6/2013 14:21,FALSE
"Software Configuration Engineer, Infrastructure","Other","CQG",0,2/6/2013 14:16,TRUE
"PM","Project Manager","Luxoft",0,2/6/2013 13:56,TRUE
"Java Web Team Lead","Java","Luxoft",0,2/6/2013 13:51,FALSE
"Java Web Team Lead","Java","Luxoft",0,2/6/2013 13:47,TRUE
"C++ Middle developer","C++","Binary Studio",0,2/6/2013 13:18,TRUE
"Senior NLP Developer","Python","Grammarly",0,2/6/2013 12:49,TRUE
"php-программист, удалённо","PHP","ImpressMedia",0,2/6/2013 12:42,FALSE
"Senior Java Developer","Java","Grammarly",0,2/6/2013 12:35,TRUE
"Senior/Regular JAVA Developer","Java","Luxoft",0,2/6/2013 12:34,TRUE
"Junior Game Programmer","C++","Crytek Ukraine",0,2/6/2013 12:19,TRUE
"Technical Artist","Дизайн","Crytek Ukraine",0,2/6/2013 12:18,TRUE
"Директор IT компании, Киев, 5000$ + бонус",,"Elyland,Ltd",0,2/6/2013 11:46,TRUE
"Senior Java Developer, Киев, 3000-4000$ + бонус","Java","Elyland,Ltd",0,2/6/2013 11:44,TRUE
"Server Programmer","C++","Crytek Ukraine",0,2/5/2013 19:18,TRUE
"Senior PHP back-end Developer","PHP","Trust Sourcing",0,2/5/2013 19:16,TRUE
"Python / Django developer","Python","ПАО КБ «ПРИВАТБАНК»",0,2/5/2013 18:39,TRUE
"Разработчик PHP/JS","PHP","Multitest",0,2/5/2013 18:31,TRUE
"Технический писатель","Other","БИФИТ-Украина",0,2/5/2013 17:45,TRUE
"Senior Java developer (front-end)","Java","РК Мегаполис",0,2/5/2013 17:02,TRUE
"Senior JavaScript developer (Kharkov)","Front End","Intetics Co",0,2/5/2013 16:28,TRUE
"Senior PHP Developer (Symfony)","PHP","Exigen Services",0,2/5/2013 15:52,TRUE
"Senior QA Engineer Automation","QA","Exigen Services",0,2/5/2013 15:40,TRUE
"PHP Developer","PHP","Intellias",0,2/5/2013 15:05,TRUE
"Senior Java Developer","Java","Intellias",0,2/5/2013 15:04,TRUE
"Mobile Developer","Android","Intellias",0,2/5/2013 15:01,TRUE
"Snr C# Developer",".NET","Luxoft",0,2/5/2013 13:21,TRUE
"Tech Lead/Senior .Net Developer",".NET","Luxoft",0,2/5/2013 13:07,TRUE
"Support Engineer","Support","Devart",0,2/5/2013 13:02,TRUE
"Senior QA Engineer","QA","iDeals Solutions",0,2/5/2013 12:54,TRUE
"Senior Java Developer","Java","Luxoft",0,2/5/2013 12:46,TRUE
"Инженер (iBank2 UA)","Other","F&CBank",0,2/5/2013 12:27,TRUE
"Тестировщик программного обеспечения","QA","Homer Software House",0,2/5/2013 12:20,TRUE
"Java Team Lead","Java","Lohika Systems",0,2/5/2013 11:39,TRUE
"PHP Developer","PHP","Zfort Group",0,2/5/2013 10:45,TRUE
"Web - программист","PHP","Oversun Media LLC",0,2/5/2013 10:45,TRUE
"Программист ERP (Microsoft Dynamics NAV)","Other","ERP Consulting",0,2/5/2013 10:45,TRUE
"Программист",,"ТаймШоп",0,2/5/2013 10:43,FALSE
"Нужен сильный Java разработчик (Team leader) во Львов","Java","Ютинет.ру",0,2/5/2013 8:14,TRUE
"Head of Technical Department (Team Leader, Architect, Senior Developer)",,"ЧП ""РТД Украина""",0,2/4/2013 23:20,TRUE
"Senior SDET",".NET","Sigma Ukraine",0,2/4/2013 21:11,TRUE
"Senior PHP Magento Developer","PHP","SysIQ",0,2/4/2013 19:22,TRUE
"Senior ASP.NET Developer/Team Leader",".NET","Svitla Systems, Inc.",0,2/4/2013 18:28,TRUE
"Senior PHP developer","PHP","FirstBeatMedia",0,2/4/2013 18:16,TRUE
"Аналитик программного обеспечения","Analyst","БИФИТ-Украина",0,2/4/2013 17:59,FALSE
"Аналитик программного обеспечения","Analyst","БИФИТ-Украина",0,2/4/2013 17:58,FALSE
"Аналитик программного обеспечения","Analyst","БИФИТ-Украина",0,2/4/2013 17:58,FALSE
"Аналитик программного обеспечения","Analyst","БИФИТ-Украина",0,2/4/2013 17:58,FALSE
"Seo-оптимизатор",,"Международная компания",0,2/4/2013 17:41,FALSE
"Специалист по развитию форума",,"Международная компания",0,2/4/2013 17:37,FALSE
"Программист",,"Международная компания",0,2/4/2013 17:31,FALSE
"Project manager","Project Manager","AB Soft ",0,2/4/2013 17:30,TRUE
"Специалист отдела технической поддержки","Support","БИФИТ-Украина",0,2/4/2013 17:28,TRUE
"Middle Web разработчик","Java","CS-Ltd",0,2/4/2013 17:12,TRUE
"Разработчик iPhone/iPad","iOS/Mac","CS-Ltd",0,2/4/2013 16:53,TRUE
"Magento Developer","PHP","SaM Solutions",0,2/4/2013 16:46,TRUE
"Senior QA Engineer","QA","AB Soft ",0,2/4/2013 16:46,TRUE
"Ruby on Rails Software Engineer","Ruby","OnApp",0,2/4/2013 16:39,TRUE
"Менеджер по контекстной рекламе","Other","ПАО КБ «ПРИВАТБАНК»",0,2/4/2013 16:38,TRUE
"Business Intelligence/ SQL Developer",,"Web Consultants",0,2/4/2013 16:37,TRUE
"Веб-дизайнер","Дизайн","DustCase",0,2/4/2013 15:54,TRUE
"web developer","PHP","SMKvision",0,2/4/2013 15:51,TRUE
"Senior Java Developer","Java","NetCracker",0,2/4/2013 15:47,TRUE
"Project Manager","Project Manager","Propeople",0,2/4/2013 15:30,TRUE
"PHP developer","PHP","NXC International",0,2/4/2013 15:19,TRUE
"Drupal разработчик","PHP","INP-Software",0,2/4/2013 15:05,TRUE
"Senior .NET Developer",".NET","Centeon Software Ltd",0,2/4/2013 14:54,FALSE
"PHP программист","PHP",908,0,2/4/2013 14:53,TRUE
"1С программист","1С","Синергия Софт. Украина ",0,2/4/2013 14:46,FALSE
"OLAP Team Lead",,"KM-Ware",0,2/4/2013 14:46,TRUE
"Drupal developer","PHP","Wise Decisions Group",0,2/4/2013 14:46,TRUE
"Project manager","Project Manager","KM-Ware",0,2/4/2013 14:43,TRUE
"QA Engineer","QA","INTERSOG",0,2/4/2013 14:41,TRUE
"Senior iOS developer/Team Lead","iOS/Mac","KM-Ware",0,2/4/2013 14:41,TRUE
"ASP.NET",".NET","Lime systems",0,2/4/2013 13:11,TRUE
"Web Developer (PHP / JavaScript / Brain)","Front End","Repville",0,2/4/2013 12:58,TRUE
".NET developer",".NET","Lime systems",0,2/4/2013 11:34,TRUE
"Инженер по внедрению программных решений",,"Lime systems",0,2/4/2013 11:31,TRUE
"Стажер Java","Java","Luxoft",0,2/4/2013 11:05,TRUE
"Software Engineering Manager (Kharkiv), Global Delivery Model",,"EPAM Systems",0,2/4/2013 10:22,TRUE
"Designer","Дизайн","QAP INT",0,2/4/2013 9:55,TRUE
"iOS разработчик","iOS/Mac","QAP INT",0,2/4/2013 9:53,TRUE
"Project Manager for CMS and E-commerce Unit","Project Manager","Ciklum",0,2/1/2013 17:39,FALSE
"QA engineer","QA","Lohika Systems",0,2/1/2013 17:35,FALSE
"QA engineer for Energy Savings project","QA","Lohika Systems",0,2/1/2013 17:32,FALSE
"Android Team Lead / Senior Developer","Android","Akvelon Ukraine",0,2/1/2013 15:41,TRUE
".NET Team Lead",".NET","Akvelon Ukraine",0,2/1/2013 15:33,TRUE
"Technical Writer for Wendia","Other","Ciklum",0,2/1/2013 14:56,TRUE
"On-site Python Technical Leader","Python","SoftServe",0,2/1/2013 14:40,TRUE
"Senior Front End Developer for LiveNation","Front End","Provectus-IT",0,2/1/2013 14:19,TRUE
"3D Дизайнер-Аниматор","Дизайн","Aurea Vision",0,2/1/2013 12:58,TRUE
"Software Developer (C, C# со знанием Unity, MS Kinect (SDK Xbox & Windows)",".NET","Aurea Vision",0,2/1/2013 12:53,TRUE
"Data Scientist",,"Endorphin",0,2/1/2013 12:48,FALSE
"Senior .Net Developer (Kharkiv)",".NET","EPAM Systems",0,2/1/2013 12:00,TRUE
"Senior Java Developer (Kharkiv), Content licensing Project","Java","EPAM Systems",0,2/1/2013 11:59,TRUE
"Senior Java Developer (Kharkiv)","Java","EPAM Systems",0,2/1/2013 11:56,TRUE
"Senior/Team Lead .Net Developer (Kharkiv)",".NET","EPAM Systems",0,2/1/2013 11:55,TRUE
"Lead Software Automation Testing Engineer (Kharkiv)","QA","EPAM Systems",0,2/1/2013 11:55,TRUE
"Trainer/Lead of Test Automation Lab (Kharkiv)","QA","EPAM Systems",0,2/1/2013 11:55,TRUE
"Software Automation Testing Engineer /Java (Kharkiv)","QA","EPAM Systems",0,2/1/2013 11:45,FALSE
"PHP Developer","PHP","DAXX BV",0,2/1/2013 11:33,FALSE
"Software Automation Testing Engineer / C#/VisualStudio (Kharkiv)","QA","EPAM Systems",0,2/1/2013 11:04,TRUE
"Senior Java Engineer","Java","Cogniance, Inc",0,1/31/2013 18:38,TRUE
"Senior Front-End Engineer","Front End","Cogniance, Inc",0,1/31/2013 18:21,TRUE
"Senior Mobile Front-End Engineer","Front End","Cogniance, Inc",0,1/31/2013 18:11,FALSE
"Senior Java Developer","Java","Luxoft",0,1/31/2013 17:54,TRUE
"Senior Web developer","PHP","Luxoft",0,1/31/2013 17:49,TRUE
"Middle Java Developer","Java","Luxoft",0,1/31/2013 17:47,TRUE
"Regular PHP Engineer","PHP","Cogniance, Inc",0,1/31/2013 17:20,FALSE
"Senior Oracle BI Developer","Oracle","Luxoft",0,1/31/2013 17:14,TRUE
"Front-end developer","Front End","Continuum",0,1/31/2013 17:10,TRUE
"Flash Engineer","Flash","Cogniance, Inc",0,1/31/2013 17:08,FALSE
"JavaScript-разработчик","Front End","Интеллект-Сервис, Корпорация",0,1/31/2013 16:54,TRUE
"Senior Java Architect","Java","Luxoft",0,1/31/2013 16:28,TRUE
"Senior C++ Engineer","C++","Cogniance, Inc",0,1/31/2013 16:20,TRUE
"QA Engineers","QA","PortaOne",0,1/31/2013 16:14,FALSE
"Internal Systems Administrator",,"PortaOne",0,1/31/2013 16:04,FALSE
"Support Engineer","Support","PortaOne",0,1/31/2013 16:04,TRUE
"Вебмастер\UI-дизайнер",,"PortaOne",0,1/31/2013 16:02,FALSE
"Senior Android Engineer","Android","Cogniance, Inc",0,1/31/2013 15:50,TRUE
"3D-дизайнер","Дизайн","Plarium Ukraine",0,1/31/2013 15:45,TRUE
"Java developer for Energy Savings project","Java","Lohika Systems",0,1/31/2013 14:47,TRUE
"Java developer for a Telecom project","Java","Lohika Systems",0,1/31/2013 14:45,TRUE
"Senior Java Developer","Java","Luxoft",0,1/31/2013 12:18,TRUE
"Специалист по разработке интерфейсов (JavaScript)","Front End","Веб-сервис uCoz",0,1/31/2013 10:20,TRUE
"Web-разработчик","Perl","Веб-сервис uCoz",0,1/31/2013 10:19,TRUE
"PHP Developer","PHP","INTERSOG",0,1/30/2013 17:59,TRUE
"PowerBuilder Software Engineer","Other","SoftServe",0,1/30/2013 17:45,TRUE
"Senior Java Developer","Java","Luxoft",0,1/30/2013 14:41,TRUE
"Java Team Lead/Architect","Java","Luxoft",0,1/30/2013 14:39,TRUE
"Senior Web developer","Front End","Luxoft",0,1/30/2013 14:36,TRUE
"Web-C++ _Browser","C++","Luxoft",0,1/30/2013 13:52,TRUE
"Senior Test Engineer","QA","Luxoft",0,1/30/2013 13:38,TRUE
"C++ developer","C++","Luxoft",0,1/30/2013 13:23,TRUE
"Super Senior Php Developer for relocation to Amsterdam","PHP","DAXX BV",0,1/30/2013 13:14,TRUE
"C/C++ Developer","C++","Luxoft",0,1/30/2013 13:08,TRUE
"C/C++ Developer","C++","Luxoft",0,1/30/2013 13:05,TRUE
"Linux Software Engineer","C++","Luxoft",0,1/30/2013 13:01,TRUE
"Специалист Help Desk","Support","Luxoft",0,1/30/2013 12:49,TRUE
"Electrical Motor Control Circuit developer",,"Samsung Ukraine R&D Center",0,1/30/2013 8:46,FALSE
"Security Assessment Engineer",,"Samsung Ukraine R&D Center",0,1/30/2013 8:42,FALSE
"Research Engineer (Computer Vision and Artificial Intelligence)",,"Samsung Ukraine R&D Center",0,1/30/2013 8:40,TRUE
"Associate Java Engineer","Java","Lohika Systems",0,1/29/2013 17:27,TRUE
"Perfomance Engineer","QA","Lohika Systems",0,1/29/2013 17:19,TRUE
"iOS RnD TL","iOS/Mac","Lohika Systems",0,1/29/2013 17:15,TRUE
"C++ Engineer","C++","Lohika Systems",0,1/29/2013 16:54,FALSE
"C++ Engineer","C++","Lohika Systems",0,1/29/2013 16:43,FALSE
"Delphi Engineer","Delphi","Lohika Systems",0,1/29/2013 16:38,FALSE
"Java Developer","Java","4tegroup",0,1/29/2013 16:27,FALSE
"Java Developer","Java","Forte Group",0,1/29/2013 16:01,FALSE
"PHP DEVELOPER - Middle & Senior Level","PHP","TextMagic Ltd. ",0,1/29/2013 15:27,TRUE
"PHP программист","PHP","Element R&D",0,1/29/2013 15:18,TRUE
"Developer C++","C++","Element R&D",0,1/29/2013 15:18,TRUE
"QA Engineer","QA","Право.ру",0,1/29/2013 14:57,FALSE
"QA Engineer Lead","QA","Право.ру",0,1/29/2013 14:55,FALSE
"Front-end Developer","Front End","Paymentwall, Inc.",0,1/29/2013 14:32,TRUE
"PHP developer","PHP","Paymentwall, Inc.",0,1/29/2013 14:32,TRUE
"Server-side automation engineer (Java)","Java","Luxoft",0,1/29/2013 14:27,TRUE
"Senior Mobile QA Engineer","QA","Skelia",0,1/29/2013 13:09,TRUE
"QA Lead","QA","Luxoft",0,1/29/2013 12:01,TRUE
"QA Lead","QA","Luxoft",0,1/29/2013 12:01,FALSE
"DevOps Engineer",,"N-iX",0,1/29/2013 10:51,TRUE
"Middle / Senior Java Developer","Java","EPAM Systems",0,1/29/2013 10:26,TRUE
"PR- менеджер в ПриватБанк (Россия)",,"ПАО КБ «ПРИВАТБАНК»",0,1/29/2013 10:02,FALSE
"Media Planner for AdQuota",,"Ciklum",0,1/28/2013 17:27,TRUE
"ASP.NET",".NET","Trust Sourcing",0,1/28/2013 17:15,FALSE
"Senior BI Developer (Microstrategy) LVIV",,"EPAM Systems",0,1/28/2013 16:20,TRUE
"Build Engineer (Lviv)","Other","EPAM Systems",0,1/28/2013 16:08,TRUE
"Software Engineer (Java/Scala)","Scala","Azigo Inc.",0,1/28/2013 14:59,TRUE
".NET Architect/Team Lead",".NET","Sigma Ukraine",0,1/28/2013 12:43,TRUE
"Quality Manager","QA","Sigma Ukraine",0,1/28/2013 12:39,TRUE
".Net Team Lead",".NET","Sigma Ukraine",0,1/28/2013 12:39,FALSE
"Senior C++ Developer","C++","Sigma Ukraine",0,1/28/2013 12:39,TRUE
"Structure Mechanics Engineer",,"Sigma Ukraine",0,1/28/2013 12:35,TRUE
"Middle C++ Developer (Game development)","C++","Sigma Ukraine",0,1/28/2013 12:35,TRUE
"Middle Drupal Web Developer","PHP","Sigma Ukraine",0,1/28/2013 12:35,FALSE
"Senior iOS Developer","iOS/Mac","Sigma Ukraine",0,1/28/2013 12:19,TRUE
"QA Engineer","QA","Echostar Ukraine LLC",0,1/28/2013 10:06,TRUE
"Software Engineer to work in the Netherlands","QA","DAXX BV",0,1/25/2013 21:37,TRUE
"Senior MVC.Net developer ($1000 Reward for recommendation)",".NET","DAXX BV",0,1/25/2013 20:34,TRUE
"R&D Lead Software Developer","C++","Skelia",0,1/25/2013 18:17,TRUE
"MS SQL DB Administrator",,"Luxoft",0,1/25/2013 16:57,TRUE
"Magento / PHP developer","PHP","Smile Ukraine - Open Source Solutions",0,1/25/2013 16:40,TRUE
"Senior Game Developer","C++","SOFTGAMES",0,1/25/2013 15:30,TRUE
"Strong Oracle Developer/DWH","Oracle","Luxoft",0,1/25/2013 14:33,TRUE
"Senior Web UI Software Engineer","Front End","SoftServe",0,1/25/2013 14:11,TRUE
".NET Technical Leader",".NET","SoftServe",0,1/25/2013 14:09,TRUE
"Senior .NET Software Engineer",".NET","SoftServe",0,1/25/2013 14:08,TRUE
"Python Technical Leader","Python","SoftServe",0,1/25/2013 14:08,TRUE
"Senior BA with Oracle","Oracle","Luxoft",0,1/25/2013 14:02,TRUE
"Tech Lead/Senior .Net Developer",".NET","Luxoft",0,1/25/2013 12:16,FALSE
"SCM Engineer",,"Luxoft",0,1/25/2013 12:00,FALSE
"Senior Project/Delivery Manager","Project Manager","Luxoft",0,1/25/2013 11:21,FALSE
"Program Manager",,"Luxoft",0,1/25/2013 11:17,FALSE
"Site - Account Manager",,"Luxoft",0,1/25/2013 11:07,FALSE
"Senior Oracle DBA/TL","Oracle","Luxoft",0,1/25/2013 11:03,FALSE
"Strong Oracle Technical Lead","Oracle","Luxoft",0,1/25/2013 10:58,FALSE
"Snr. Oracle\DWH Developer","Oracle","Luxoft",0,1/25/2013 10:53,FALSE
"Senior Javascript Developer","Front End","Adstream",0,1/25/2013 10:49,FALSE
"Senior Java\Scala Developer","Java","Adstream",0,1/25/2013 10:49,FALSE
"Senior Developer Web-application","Front End","Luxoft",0,1/25/2013 10:32,FALSE
"Senior SOA Engineer/Java Developer","Java","Luxoft",0,1/25/2013 10:19,FALSE
"Senior Java/Oracle Developer","Java","Luxoft",0,1/25/2013 10:03,FALSE
"Java Team Lead","Java","Luxoft",0,1/24/2013 19:39,FALSE
"Senior Lead Java Developer","Java","Luxoft",0,1/24/2013 19:36,FALSE
"Senior Java Developer","Java","Luxoft",0,1/24/2013 19:30,FALSE
"Senior Member of Technical Staff",,"Luxoft",0,1/24/2013 19:20,FALSE
"Software Automation Engineer (C++)","C++","Luxoft",0,1/24/2013 19:13,FALSE
"Senior Developer Linux / Qt","C++","Luxoft",0,1/24/2013 19:09,FALSE
"Senior Front-End Developer/Architect","Front End","Lohika Systems",0,1/24/2013 16:40,FALSE
"Нужен сильный Java разработчик (Team leader) во Львов","Java","Ютинет.ру",0,1/24/2013 16:37,FALSE
"Senior Front-End Developer (302/KD)","Front End","Kuadriga",0,1/24/2013 15:38,FALSE
"JavaScript программист","Front End","V-Search LLC",0,1/24/2013 15:20,FALSE
"Менеджер проектов",,"ABFX — агентство интернет-решений ",0,1/24/2013 11:30,FALSE
"Senior Automation QA engineer","QA","Luxoft",0,1/23/2013 18:25,FALSE
"Middle QA engineer","QA","Luxoft",0,1/23/2013 18:18,FALSE
"Senior Integration Engineer",,"InfoPulse",0,1/23/2013 18:11,FALSE
"iOS Technical Leader/Architect","iOS/Mac","SoftServe",0,1/23/2013 17:34,FALSE
"Database & Backend Developer for Augaroo","Other","Ciklum",0,1/23/2013 17:33,FALSE
"Team Lead/Snr Sharepoint Developer",".NET","Luxoft",0,1/23/2013 17:23,FALSE
"Senior Java Developer","Java","Luxoft",0,1/23/2013 17:20,FALSE
"Senior/Lead .Net Developer",".NET","Luxoft",0,1/23/2013 17:11,FALSE
"Java Developer","Java","Luxoft",0,1/23/2013 17:02,FALSE
"Sr. C++/Qt Developer","C++","Luxoft",0,1/23/2013 17:00,FALSE
"Test leader","QA","Luxoft",0,1/23/2013 16:57,FALSE
"PHP-Developer","PHP","Trionika",0,1/23/2013 16:46,FALSE
"Senior QA","QA","Luxoft",0,1/23/2013 16:42,FALSE
"Perl Developer","Perl","Luxoft",0,1/23/2013 16:25,FALSE
"Usability Architect","Дизайн","Luxoft",0,1/23/2013 16:18,FALSE
"Python Developer","Python","CloneFish",0,1/23/2013 15:24,FALSE
"Software Automation Engineer","C++","Luxoft",0,1/23/2013 15:23,FALSE
"Senior Developer_Linux",,"Luxoft",0,1/23/2013 15:16,FALSE
"Senior JavaScript / Front-end developer","Front End","BabylOFF Inc.",0,1/23/2013 13:21,FALSE
"Senior JavaScript / Front-end developer","Front End","BabylOFF Inc.",0,1/23/2013 13:16,FALSE
"Jira Administrator",,"InfoPulse",0,1/23/2013 11:21,FALSE
".Net Lead Developer",".NET","A-MTOSS",0,1/22/2013 18:15,FALSE
"VB6 software developer for Traen","Other","Ciklum",0,1/22/2013 17:38,FALSE
"Backend Development Manager for Poker/Playtech",,"Ciklum",0,1/22/2013 16:46,FALSE
"Senior PHP developer for AdPepper","PHP","Ciklum",0,1/22/2013 16:29,FALSE
"Java Team Lead","Java","Lohika Systems",0,1/22/2013 14:55,FALSE
"Scrum Master and Software Engineer (Consultant)",,"Augmentive",0,1/22/2013 11:33,FALSE
"Software Engineer (Consultant)",".NET","Augmentive",0,1/22/2013 11:33,FALSE
"ASP.Net/Javascript developer for XPI",".NET","Ciklum",0,1/22/2013 11:28,FALSE
"Senior Software Engineer, Java","Java","Echostar Ukraine LLC",0,1/22/2013 11:02,FALSE
"Senior iOS developer for Ricardo Group","iOS","Ciklum",0,1/22/2013 10:38,FALSE
"PHP программист со знанием CMS Битрикс","PHP","ПАО КБ «ПРИВАТБАНК»",0,1/21/2013 18:45,FALSE
"Senior Python Developer","Python","Svitla Systems, Inc.",0,1/21/2013 17:23,FALSE
"Senior Web JEE Developer for Kuoni","Java","Ciklum",0,1/21/2013 17:07,FALSE
"English Teacher",,"SoftServe",0,1/21/2013 16:29,FALSE
"Development Manager (PaaS)",,"Mirantis",0,1/21/2013 13:20,FALSE
"Openstack Developer",,"Mirantis",0,1/21/2013 13:18,FALSE
"iOS developer for Playtech Mobile","iOS","Ciklum",0,1/21/2013 11:36,FALSE
"C#.NET Developers Team Lead",".NET","WebSource Technologies, Ltd",0,1/19/2013 22:46,FALSE
"Senior JavaScript Developer","Front End","SysIQ",0,1/19/2013 13:55,FALSE
".NET Engineer for Ofir",".NET","Ciklum",0,1/18/2013 18:23,FALSE
"Objective-C разработчик","iOS","Компьютерная Академия ШАГ",0,1/18/2013 17:29,FALSE
"Senior Java Software Engineer","Java","Insoft Ukraine (CM Latitude Group)",0,1/18/2013 15:27,FALSE
"Lead Java Software Engineer","Java","Insoft Ukraine (CM Latitude Group)",0,1/18/2013 15:20,FALSE
"Java Software Engineer","Java","Insoft Ukraine (CM Latitude Group)",0,1/18/2013 15:14,FALSE
"Senior PHP Developer","PHP","Skelia",0,1/18/2013 15:08,FALSE
"iOS Developer","iOS","stfalcon-studio",0,1/18/2013 14:33,FALSE
"Android Developer","Android","stfalcon-studio",0,1/18/2013 14:24,FALSE
"Senior Java Engineer with .Net","Java","Cogniance, Inc",0,1/18/2013 13:15,FALSE
"Web-дизайнер","Дизайн","ПАО КБ «ПРИВАТБАНК»",0,1/18/2013 11:19,FALSE
"Технический писатель",,"Контент Сервис УА",0,1/17/2013 17:03,FALSE
"Site Delivery Manager for Insurecom",,"Ciklum",0,1/17/2013 16:41,FALSE
"Middle .NET Developer with experience in Lotus Notes",".NET","Sigma Ukraine",0,1/17/2013 15:17,FALSE
"Технический продюсер (эксперт) / Technical Producer (Expert)",,"CloneFish",0,1/17/2013 14:50,FALSE
"Software Developer for Playtech Geneity",,"Ciklum",0,1/17/2013 13:52,FALSE
"Middle Java developer (Kiev)","Java","EPAM Systems",0,1/17/2013 12:44,FALSE
"Senior IT Recruiter","HR","SysIQ",0,1/17/2013 12:43,FALSE
"L1 Network Engineer",,"InfoPulse",0,1/17/2013 12:13,FALSE
"программист PHP","PHP","Smart Money",0,1/17/2013 12:03,FALSE
"Senior Front-End Developer","Front End","QAP INT",0,1/17/2013 12:02,FALSE
"QA (Тестировщик)","QA","QAP INT",0,1/17/2013 12:01,FALSE
"Front-end developer","Front End","QAP INT",0,1/17/2013 11:56,FALSE
"Старший разработчик Java / jBoss","Java","InfoPulse",0,1/17/2013 11:49,FALSE
"JavaScript разработчик","Front End","ДубльГИС",0,1/16/2013 21:01,FALSE
"Ведущий разработчик .NET/С#",".NET","ДубльГИС",0,1/16/2013 21:00,FALSE
"Middle Android developer","Android","ПАО КБ «ПРИВАТБАНК»",0,1/16/2013 19:44,FALSE
"Team lead Front-end","Front End","ПАО КБ «ПРИВАТБАНК»",0,1/16/2013 19:31,FALSE
"Oracle Administrator","Oracle","InfoPulse",0,1/16/2013 17:11,FALSE
"Network Implementation Engineer",,"InfoPulse",0,1/16/2013 17:10,FALSE
"Ruby on Rails Technical Leader","Ruby","SoftServe",0,1/16/2013 16:29,FALSE
"Back-end Developer",,"Eastern Peak Software",0,1/16/2013 15:54,FALSE
"ASP.NET",".NET","DAXX BV",0,1/16/2013 12:27,FALSE
".NET разработчик ПО",".NET","Lime systems",0,1/16/2013 11:32,FALSE
"IOS-developer",,"Marka-Software",0,1/16/2013 10:21,FALSE
"Android-developer",,"Marka-Software",0,1/16/2013 10:19,FALSE
"C# developer",".NET","Transition Technologies",0,1/16/2013 9:59,FALSE
"Разработчик поисковых интерфейсов","Front End","Яндекс.Украина",0,1/15/2013 17:35,FALSE
"Разработчик интерфейсов в группу контент-сервисов","Front End","Яндекс.Украина",0,1/15/2013 17:31,FALSE
"Разработчик интерфейсов Метрики","Front End","Яндекс.Украина",0,1/15/2013 17:29,FALSE
"Разработчик PL/SQL",,"Homer Software House",0,1/15/2013 14:53,FALSE
"Разработчик PL/SQL",,"Homer Software House",0,1/15/2013 14:53,FALSE
"Разработчик SAS",,"Homer Software House",0,1/15/2013 14:25,FALSE
"Senior Front-end Engineer","Front End","Lohika Systems",0,1/15/2013 11:58,FALSE
"Automation Tester","QA","Ciklum",0,1/15/2013 11:38,FALSE
"Automation QA Engineer","QA","Ciklum",0,1/15/2013 11:25,FALSE
"Specialist in automation of testing data-processing solutions","QA","Ciklum",0,1/15/2013 11:23,FALSE
"BI Developer",,"Ciklum",0,1/15/2013 11:21,FALSE
"Game Designer","Дизайн","Arkadium",0,1/14/2013 18:23,FALSE
"Business Intelligence/ SQL Developer",,"Web Consultants",0,1/14/2013 17:53,FALSE
"Senior Ruby on Rails Software Engineer","Ruby","SoftServe",0,1/14/2013 17:35,FALSE
"Senior JavaScript developer (NodeJS + MongoDB)","Front End","Oversun Media LLC",0,1/14/2013 14:51,FALSE
"Service Desk Engineer",,"Materialise",0,1/14/2013 11:50,FALSE
"Software Engineer C++","C++","Materialise",0,1/14/2013 11:34,FALSE
"Senior Developer (Android) for Just Eat","Android","Ciklum",0,1/11/2013 19:50,FALSE
"C++ Developer for Marmalade SDK","C++","Ciklum",0,1/11/2013 18:37,FALSE
"UI Designer","Front End","Augmentive",0,1/11/2013 18:17,FALSE
"Team Lead/ C++ Game Developer for Hapti.co","C++","Ciklum",0,1/11/2013 17:25,FALSE
"PHP Lead","PHP","Innovecs",0,1/11/2013 15:58,FALSE
"Project Manager for 20/20 Vision Europe","Project Manager","Ciklum",0,1/10/2013 18:10,FALSE
"Engineering Manager for Marmalade SDK",,"Ciklum",0,1/10/2013 17:38,FALSE
"Google AdWords Specialist for SmartGuy",,"Ciklum",0,1/10/2013 17:36,FALSE
"Senior Java Developer","Java","Ciklum",0,1/10/2013 17:21,FALSE
"Lotus Notes Developer",,"Ciklum",0,1/10/2013 17:13,FALSE
"Аниматор 2D",,"CloneFish",0,1/10/2013 15:00,FALSE
"SW Testing Competence Lead","QA","Sigma Ukraine",0,1/10/2013 12:53,FALSE
"Java Developer","Java","Ciklum",0,1/10/2013 12:23,FALSE
"Junior IT Support Engineer","Support","SoftServe",0,1/9/2013 19:03,FALSE
"Senior Ruby on Rails Developer","Ruby","Provectus-IT",0,1/9/2013 14:31,FALSE
"Senior Oracle BI developer Lviv","Oracle","EPAM Systems",0,1/9/2013 13:38,FALSE
"Middle C++ developer","C++","Livestream Ukraine",0,1/9/2013 11:24,FALSE
"Producer",,"Ubisoft",0,1/9/2013 11:01,FALSE
"Senior Windows 7 developer",,"DAXX BV",0,1/8/2013 16:44,FALSE
"Media System Developer (JavaScript) for CODE Worldwide","Front End","Ciklum",0,1/8/2013 14:14,FALSE
"Customer Support manager (for night time schedule)","Support","Continuum",0,1/8/2013 12:31,FALSE
"PHP-программист","PHP","Простобанк Консалтинг",0,1/5/2013 23:50,FALSE
"Enterprise Technology Consultant",,"SoftServe",0,1/4/2013 17:17,FALSE
"Site Manager for Kuoni",,"Ciklum",0,1/4/2013 13:56,FALSE
"Senior UI Designer (Kiev & Kharkov offices)","Front End","Intetics Co",0,1/4/2013 11:49,FALSE
"Test","QA","DOU",0,1/4/2013 11:32,FALSE
"Senior .Net developer for Condaal",".NET","Ciklum",0,1/3/2013 13:55,FALSE
"Senior DB Software Engineer",,"SoftServe",0,1/2/2013 16:45,FALSE
"Senior ASP.NET Software Engineer",".NET","SoftServe",0,1/2/2013 15:32,FALSE
"On-site MAC Software Engineer","iOS/Mac","SoftServe",0,12/31/2012 11:54,FALSE
"Enterprise Technology Consultant",,"SoftServe",0,12/31/2012 11:54,FALSE
"Middle PHP Developer","PHP","CloneFish",0,12/29/2012 18:12,FALSE
"Flash Engineer","Flash","Cogniance, Inc",0,12/29/2012 3:16,FALSE
"Account Manager",,"ELEKS",0,12/28/2012 16:36,FALSE
"MS Dynamics developer",,"Sigma Ukraine",0,12/27/2012 18:32,FALSE
"Middle Flash developer","Flash","Sigma Ukraine",0,12/27/2012 18:31,FALSE
"Broadcast Technical Support Administrator","Support","Adstream",0,12/27/2012 15:18,FALSE
"QA Engineers","QA","PortaOne",0,12/27/2012 11:37,FALSE
"Senior Microsoft Word Support and Developer for Edgar Online","Support","Ciklum",0,12/26/2012 18:43,FALSE
"Senior Frontend Developer for SmartGuy","Front End","Ciklum",0,12/26/2012 17:22,FALSE
"Senior iOS разработчик","iOS","bMuse Ukraine",0,12/26/2012 17:06,FALSE
"Support Engineer/Manager for SmartGuy","Support","Ciklum",0,12/26/2012 17:00,FALSE
"Senior .NET Developer for SmartGuy",".NET","Ciklum",0,12/26/2012 16:26,FALSE
"Unity3d Game Developer",,"Melior Games",0,12/25/2012 17:35,FALSE
"SEO специалист","SEO","ООО ""ХМЛШОП"" / XMLSHOP LLC",0,12/25/2012 17:27,FALSE
"веб программист",,"obmenka.ua",0,12/25/2012 12:06,FALSE
"Java Developer","Java","SysIQ",0,12/25/2012 11:59,FALSE
"Blackberry developer for QUENTIQ",,"Ciklum",0,12/25/2012 10:38,FALSE
".Net Team Lead",".NET","EPAM Systems",0,12/24/2012 20:59,FALSE
"Senior ASP.NET Developer",".NET","EPAM Systems",0,12/24/2012 20:52,FALSE
"Intermediate Android Software Engineer","Android","SoftServe",0,12/24/2012 15:25,FALSE
"Java developer","Java","Eastern Peak Software",0,12/24/2012 15:20,FALSE
"Senior .NET Developer",".NET","Soft-Ukraine",0,12/24/2012 11:52,FALSE
"Animator",,"Crytek Ukraine",0,12/24/2012 11:17,FALSE
"PHP Architect / Technical Lead for AdPepper","PHP","Ciklum",0,12/24/2012 10:30,FALSE
"Development Manager for Playtech Portal",,"Ciklum",0,12/24/2012 10:29,FALSE
"Senior Java Back End Developer for Portal Playtech","Java","Ciklum",0,12/24/2012 10:28,FALSE
"Performance Test Lead for Playtech","QA","Ciklum",0,12/24/2012 10:19,FALSE
"Senior Java Developer /Team Lead","Java","INTERSOG",0,12/24/2012 10:08,FALSE
"2 D художник",,"BLAM! GAMES",0,12/21/2012 17:52,FALSE
"Senior Java Developer","Java","Softinco Software, LLC",0,12/21/2012 17:42,FALSE
"Senior PHP Drupal Developer for Voltimum","PHP","Ciklum",0,12/21/2012 15:59,FALSE
"Senior C++ Developer","C++","Softinco Software, LLC",0,12/20/2012 19:59,FALSE
"Senior Business Analyst (Lviv)","Analyst","EPAM Systems",0,12/20/2012 16:52,FALSE
"Senior ASP.NET Developer",".NET","The Frayman Group",0,12/20/2012 15:44,FALSE
"Sеnior Silverlight Developer",".NET","The Frayman Group",0,12/20/2012 15:30,FALSE
"Программист",,"Медиаворк",0,12/20/2012 14:42,FALSE
"Python Engineer","Python","Cogniance, Inc",0,12/20/2012 13:42,FALSE
"Senior DB Developer (SQL Server, .NET, C#) for Betsson",".NET","Ciklum",0,12/20/2012 11:10,FALSE
".Net developer",".NET","РА ""Бизнес-класс""",0,12/19/2012 15:29,FALSE
"OpenStack software engineer (Python)","Python","Mirantis",0,12/19/2012 15:27,FALSE
"Embedded Test Team Leader","QA","frog",0,12/19/2012 14:38,FALSE
"Community Manager (Специалист по игровым сообществам)",,"INSOLLO entertainment",0,12/19/2012 13:39,FALSE
"Senior PHP Web Developer to work in Amsterdam","PHP","DAXX BV",0,12/19/2012 11:28,FALSE
"Старший разработчик Java","Java","Homer Software House",0,12/19/2012 9:49,FALSE
"PERL-программист","Perl","ООО ""Глобальные Медиа Системы""",0,12/18/2012 19:14,FALSE
"Senior Oracle Developer (Kyiv)","Oracle","EPAM Systems",0,12/18/2012 15:39,FALSE
"Senior Oracle Developer (Kyiv)","Oracle","EPAM Systems",0,12/18/2012 15:39,FALSE
"QA Lead - 2000-2500$ (Kiev)","QA","Elyland,Ltd",0,12/18/2012 15:28,FALSE
"Scrum Master/Android developer for Ricardo Group","Android","Ciklum",0,12/18/2012 14:34,FALSE
"Web Developer for QUENTIQ",,"Ciklum",0,12/18/2012 11:52,FALSE
"Senior C# WPF developer for Tobii",".NET","Ciklum",0,12/18/2012 11:51,FALSE
"BI Architect",,"EPAM Systems",0,12/18/2012 11:32,FALSE
"Партнер в проекте по AR технологиям",,"Aurea Vision",0,12/17/2012 22:10,FALSE
"Разыскиваем партнера для участия в проекте по AR технологиям",,"Aurea Vision",0,12/17/2012 19:55,FALSE
"Разыскиваем партнера для участия в проекте по AR технологиям",,"Aurea Vision",0,12/17/2012 19:53,FALSE
"Implementation Manager",,"Inbitec",0,12/17/2012 17:47,FALSE
"Senior asp.net developer",".NET","Intetics Co",0,12/17/2012 15:34,FALSE
"Senior Front-End Engineer","Front End","Cogniance, Inc",0,12/17/2012 11:06,FALSE
"Дизайнер 2D/3D для игр под iOS/Android","iOS","DustCase",0,12/17/2012 9:52,FALSE
"Программист С#/Unity3D",".NET","DustCase",0,12/17/2012 9:52,FALSE
"Senior Frontend Developer, Magento based project","Front End","SysIQ",0,12/14/2012 19:17,FALSE
".Net Technical Leader",".NET","SoftServe",0,12/14/2012 16:31,FALSE
"HR Manager, Administrative Services","HR","Inbitec",0,12/14/2012 9:41,FALSE
"iOS developer","iOS","Obrij Digital",0,12/13/2012 16:33,FALSE
"Quality Control Analyst for EDGAR Online","Analyst","Ciklum",0,12/13/2012 16:28,FALSE
"Software Tester for Ellos","QA","Ciklum",0,12/13/2012 14:52,FALSE
"Conversion Programmer",,"Talentor Business Solutions ",0,12/13/2012 14:22,FALSE
"Java Team Lead","Java","Lohika Systems",0,12/13/2012 11:20,FALSE
".NET Developer (USA)",".NET","Akvelon Ukraine",0,12/12/2012 21:33,FALSE
"Middle Automation QA Engineer for Project Office","QA","Ciklum",0,12/12/2012 17:09,FALSE
"ASP.NET /.NET Developer",".NET","Щоденник",0,12/12/2012 14:37,FALSE
"Senior QA Engineer","QA","Щоденник",0,12/12/2012 13:51,FALSE
"Junior/Middle C++ Developer","C++","FulcrumWeb",0,12/11/2012 22:47,FALSE
"Senior Java Developer","Java","Remit",0,12/10/2012 19:22,FALSE
"Java Team Lead","Java","Remit",0,12/10/2012 19:14,FALSE
"Sales-manager + account",,"Videopulse",0,12/10/2012 17:04,FALSE
"iOS разработчик (г.Севастополь)","iOS","Синергия Софт. Украина ",0,12/10/2012 15:18,FALSE
"Salesforce Developer",,"Inbitec",0,12/10/2012 12:12,FALSE
"Magento Developer","PHP","DAXX BV",0,12/10/2012 12:03,FALSE
"Senior Java (Drools) Developer","Java","EPAM Systems",0,12/10/2012 11:38,FALSE
"Delivery Manager for Videobet",,"Ciklum",0,12/10/2012 8:59,FALSE
"Drupal developer","PHP","Кадровый центр Key communication",0,12/10/2012 8:46,FALSE
"Senior PHP Engineer","PHP","Cogniance, Inc",0,12/8/2012 13:58,FALSE
"Senior Developer with experience in Interactive Marketing",,"Skelia",0,12/7/2012 18:09,FALSE
"Senior .NET developer",".NET","Luxena",0,12/7/2012 17:35,FALSE
"Php developer","PHP","Ebola Communications",0,12/6/2012 13:52,FALSE
"Программист 1С (Киев)","1С","УВК Украина",0,12/6/2012 12:43,FALSE
"Java developer Team Lead","Java","Win Interactive LLC",0,12/5/2012 17:57,FALSE
"Linux System Administrator",,"MobiDev",0,12/5/2012 15:12,FALSE
"Assistant Project Manager","Project Manager","MobiDev",0,12/5/2012 15:11,FALSE
"Assistant Sales Manager","Sales","MobiDev",0,12/5/2012 15:10,FALSE
"Marketing manager",,"MobiDev",0,12/5/2012 15:09,FALSE
"German Speaking Business Development Manager",,"MobiDev",0,12/5/2012 15:02,FALSE
"Social Media Optimization Specialist",,"MobiDev",0,12/5/2012 15:02,FALSE
"Business Development Manager",,"MobiDev",0,12/5/2012 15:02,FALSE
"Lead Backend Development Engineer/Java Developer for Trinity Mirror","Java","Ciklum",0,12/5/2012 14:47,FALSE
"Senior C# Developer",".NET","ISD",0,12/5/2012 10:26,FALSE
"Senior Software Developer (C++\C#)","C++","SightPower Ukraine",0,12/5/2012 1:49,FALSE
"Embedded MATLAB/Simulink Software Engineer",,"Samsung Ukraine R&D Center",0,12/4/2012 21:08,FALSE
"QA Automation engineer","QA","InvisibleCRM",0,12/4/2012 19:08,FALSE
"Senior Mac OS X developer","iOS/Mac","Livestream Ukraine",0,12/4/2012 17:47,FALSE
"QA engineer (PaaS and IaaS)","QA","Mirantis",0,12/4/2012 15:17,FALSE
"Senior Ruby Developer (Киев и Харьков)","Ruby","Intetics Co",0,12/4/2012 14:15,FALSE
"PHP developer","PHP","Continuum",0,12/4/2012 13:41,FALSE
"Senior Mobile Developer (Lviv)",,"EPAM Systems",0,12/4/2012 1:39,FALSE
"Senior C/C++ Developer for Project Office","C++","Ciklum",0,12/3/2012 18:25,FALSE
"Middle PHP Developer for Cashcloud","PHP","Ciklum",0,12/3/2012 18:24,FALSE
"Mobile web developer for Ricardo (Cars and bikes team)",,"Ciklum",0,12/3/2012 17:59,FALSE
"Senior PHP Developer","PHP","DAXX BV",0,12/3/2012 17:43,FALSE
"Software Linux Development Expert",,"InfoPulse",0,12/3/2012 15:12,FALSE
"Senior MS SQL developer",,"EPAM Systems",0,12/3/2012 14:49,FALSE
"Mobile Delivery Manager",,"Ciklum",0,12/3/2012 14:39,FALSE
"Програміст Ruby on Rails","Ruby","Vertaline",0,12/3/2012 14:27,FALSE
"Senior Quality Assurance Engineer for LiveNation project","QA","Provectus-IT",0,12/3/2012 10:57,FALSE
"Senior Automation Test Engineer","QA","Sigma Ukraine",0,12/3/2012 10:22,FALSE
"Senior Software Engineering Manager (Kharkiv)",,"EPAM Systems",0,12/3/2012 9:50,FALSE
"Mobile Games Developer",,"GamePoint Development",0,11/30/2012 17:49,FALSE
"Java dev.","Java","Systematica llc",0,11/30/2012 17:02,FALSE
"Technical and Delivery Lead for QUENTIQ",,"Ciklum",0,11/30/2012 15:26,FALSE
"Java Developer","Java","Харьков-Рекрутинг",0,11/30/2012 14:28,FALSE
"Разработчик Java . уровень Senior","Java","Кадровый центр Key communication",0,11/30/2012 14:28,FALSE
"Front-End Engineer","Front End","Cogniance, Inc",0,11/30/2012 13:19,FALSE
"Front-End Developer","Front End","Faria Systems Ltd.",0,11/29/2012 22:48,FALSE
"Windows Client Developer",,"Eastern Peak Software",0,11/29/2012 14:44,FALSE
"Ruby on Rails Engineer","Ruby","Faria Systems Ltd.",0,11/29/2012 13:39,FALSE
"Mac OS X Client Developer","iOS/Mac","Eastern Peak Software",0,11/29/2012 13:36,FALSE
"User Interface Expert",,"Skelia",0,11/29/2012 12:40,FALSE
"User Interface Developer",,"Skelia",0,11/29/2012 12:38,FALSE
"R&D Lead Software Developer",,"Skelia",0,11/29/2012 12:37,FALSE
"Senior Web developer for 2MBA",,"Ciklum",0,11/28/2012 16:45,FALSE
"Automation QA Engineer for Skype project","QA","Lohika Systems",0,11/28/2012 15:44,FALSE
"Chief Mobile Architect for Playtech Mobile",,"Ciklum",0,11/28/2012 14:11,FALSE
"Software Engineer C++","C++","Materialise",0,11/28/2012 12:36,FALSE
"Senior/Tech Lead Ruby Developer","Ruby","Intetics Co",0,11/28/2012 12:19,FALSE
"INTERMEDIATE .NET DEVELOPER",".NET","Ciklum",0,11/27/2012 15:59,FALSE
"JUNIOR .NET DEVELOPER",".NET","Ciklum",0,11/27/2012 13:50,FALSE
